Count,ID,Username,URL
129,778927219422797824,QuizKnock/ã‚¯ã‚¤ã‚ºãƒãƒƒã‚¯,https://twitter.com/QuizKnock
72,874501931758047232,ãµã£ãã‚‰ãƒãƒªã‚¨ã‚¹ãƒ†ãƒ«ï¼ˆQuizKnockã‚¯ã‚¤ã‚ºãƒãƒƒã‚¯ï¼‰,https://twitter.com/fukura_p
71,1257180002,ä¼Šæ²¢æ‹“å¸,https://twitter.com/tax_i_
66,780770015121281024,æ²³æ‘ãƒ»æ‹“å“‰,https://twitter.com/kawamura_domo
63,991675491324084224,å±±æœ¬ ç¥¥å½°,https://twitter.com/quiz_yamamoto
62,958943678952648704,é ˆè² é§¿è²´,https://twitter.com/Sugai_Shunki
60,732924494,ã“ã†ã¡ã‚ƒã‚“,https://twitter.com/Miracle_Fusion
52,1212690333462458369,ä¹¾,https://twitter.com/QK_inui
49,1111604531039596544,å±±ä¸Šå¤§å–œ,https://twitter.com/yamagamiQuiz
46,1121007086635106304,æ—è¼å¹¸,https://twitter.com/jusco_hayashi
46,791261566058369024,é¶´å´ ä¿®åŠŸ,https://twitter.com/Tsurusaki_H
26,130447415,HIKAKINğŸ˜ãƒ’ã‚«ã‚­ãƒ³ ã€YouTuberã€‘,https://twitter.com/hikakin
22,1420643716138631171,QuizKnockã¨å­¦ã¼ã†ã€å…¬å¼ã€‘,https://twitter.com/QuizKnock_manab
21,1351887629894094851,QuizKnockç·¨é›†éƒ¨,https://twitter.com/QuizKnock_Web
20,2927187427,ã¯ãªãŠ,https://twitter.com/hanao87_0
20,795985304876249088,æ¾ä¸¸ äº®å¾ ğŸ¥,https://twitter.com/ryogomatsumaru
18,137857547,å‰æ¾¤å‹ä½œâ”ƒåœ°çƒã«æˆ»ã‚Šã¾ã—ãŸ,https://twitter.com/yousuck2020
15,307902310,ä»»å¤©å ‚æ ªå¼ä¼šç¤¾,https://twitter.com/Nintendo
14,1158668053183266816,ãƒ—ãƒ­ã‚¸ã‚§ã‚¯ãƒˆã‚»ã‚«ã‚¤ ã‚«ãƒ©ãƒ•ãƒ«ã‚¹ãƒ†ãƒ¼ã‚¸ï¼ feat. åˆéŸ³ãƒŸã‚¯ã€ãƒ—ãƒ­ã‚»ã‚«ã€‘,https://twitter.com/pj_sekai
14,1164789009001766912,QuizKnock Games/ã‚¯ã‚¤ã‚ºãƒãƒƒã‚¯ã‚²ãƒ¼ãƒ ã‚ºã€å…¬å¼ã€‘,https://twitter.com/QuizKnockGames
14,2656582075,å°‘å¹´ã‚¸ãƒ£ãƒ³ãƒ—ç·¨é›†éƒ¨,https://twitter.com/jump_henshubu
14,552700119,ã¯ã˜ã‚ã—ã‚ƒã¡ã‚‡ãƒ¼(hajime),https://twitter.com/hajimesyacho
13,760428449869598720,æ±å¤§ç‹ã€æ¬¡å›ğŸ‘‰ğŸ»2æœˆ2æ—¥(æ°´)2æ™‚é–“SPğŸ±ã€‘,https://twitter.com/toudaiou_tbs
12,104388107,æ²³é‡å¤ªéƒ,https://twitter.com/konotarogomame
12,1144142348873392129,é»› ç°(ã¾ã‚†ãšã¿ ã‹ã„)@ã«ã˜ã•ã‚“ã˜,https://twitter.com/mayuzumi_X
12,129471863,ã‚­ãƒ¨,https://twitter.com/kiyo_saiore
12,155207733,èŠ±æ±Ÿ å¤æ¨¹,https://twitter.com/hanae0626
12,2582637362,å €è¶Šè€•å¹³,https://twitter.com/horikoshiko
12,2888006497,Splatoonï¼ˆã‚¹ãƒ—ãƒ©ãƒˆã‚¥ãƒ¼ãƒ³ï¼‰,https://twitter.com/SplatoonJP
12,58794150,ç±³æ´¥ç„å¸«ã€€ãƒãƒ,https://twitter.com/hachi_08
12,885935041842249728,ã‚„ã¾ã‚‚ã‚Š / QuizKnock,https://twitter.com/ayac__
12,950967576980422657,ã«ã˜ã•ã‚“ã˜å…¬å¼ğŸŒˆğŸ•’,https://twitter.com/nijisanji_app
12,965760241169088512,è‘›è‘‰,https://twitter.com/Vamp_Kuzu
11,1002342365695078401,ç¤¾ç¯‰ğŸ–¥,https://twitter.com/846kizuQ
11,115639376,ãƒ­ãƒ¼ã‚½ãƒ³,https://twitter.com/akiko_lawson
11,1178872236351971328,YOASOBI,https://twitter.com/YOASOBI_staff
11,1335850917258641409,ã‚¹ã‚¿ã‚¸ã‚ªã‚¸ãƒ–ãƒª STUDIO GHIBLI,https://twitter.com/JP_GHIBLI
11,1401587503,æ¾æœ¬äººå¿—,https://twitter.com/matsu_bouzu
11,184004752,ãƒã‚¯ãƒ‰ãƒŠãƒ«ãƒ‰,https://twitter.com/McDonaldsJapan
11,186391545,ç”°æ‘æ­£è³‡,https://twitter.com/kaiseitamura
11,1964452098,ã—ã°ã‚†ãƒ¼ã€æ±æµ·ã‚ªãƒ³ã‚¨ã‚¢ã€‘,https://twitter.com/TOKAI_ONAIR
11,2272500216,ã‚Šã‚‡ã†ã€æ±æµ·ã‚ªãƒ³ã‚¨ã‚¢ã€‘,https://twitter.com/TO_RYOO
11,2272511066,ã¨ã—ã¿ã¤ã€æ±æµ·ã‚ªãƒ³ã‚¨ã‚¢ã€‘1/23æ–°å®¿ãƒ¯ãƒ³ãƒãƒ³LIVEãƒãƒ³,https://twitter.com/TO_TOSHIMITSU
11,2272593702,è™«çœ¼é¡ã€æ±æµ·ã‚ªãƒ³ã‚¨ã‚¢ã€‘,https://twitter.com/TO_ZAWAKUN
11,268758461,ã¾ãµã¾ãµï¼ ç´…ç™½æ­Œåˆæˆ¦,https://twitter.com/uni_mafumafu
11,711566763788357634,ã§ã‚“ãŒã‚“ ğŸ®,https://twitter.com/dengan875
11,799629701601837056,é¬¼æ»…ã®åˆƒå…¬å¼,https://twitter.com/kimetsu_off
11,883876370698256384,ç ‚å·ä¿¡å“‰,https://twitter.com/sngw22
11,89142182,ãƒ•ã‚¡ãƒŸãƒªãƒ¼ãƒãƒ¼ãƒˆ,https://twitter.com/famima_now
11,925751113885745152,Shiga Reita å¿—è³€ç²å¤ª,https://twitter.com/Petzvaled
11,964000404,ã‚·ãƒ«ã‚¯ãƒ­ãƒ¼ãƒ‰ã€Fischer'sã€‘,https://twitter.com/RytoSle2
11,988101299106267138,å¶@ã«ã˜ã•ã‚“ã˜,https://twitter.com/Kanae_2434
11,99853725,Eve,https://twitter.com/oO0Eve0Oo
10,1012211447160455170,ç¬¹æœ¨å’²ğŸ‹,https://twitter.com/saku_sasaki
10,1181863232228610048,ã€å‘ªè¡“å»»æˆ¦ã€ã‚¢ãƒ‹ãƒ¡å…¬å¼,https://twitter.com/animejujutsu
10,2173047390,ã¦ã¤ã‚„ã€æ±æµ·ã‚ªãƒ³ã‚¨ã‚¢ã€‘12/18åˆã‚¨ãƒƒã‚»ã‚¤ã€Œå¤©æ‰ã®æ ¹æºã€æ¥µé™ver.ç™ºè¡¨ğŸ“–,https://twitter.com/TO_TETSUYA
10,219867859,ã‚¹ã‚¿ãƒ¼ãƒãƒƒã‚¯ã‚¹ ã‚³ãƒ¼ãƒ’ãƒ¼,https://twitter.com/Starbucks_J
10,970692564096499712,å‰£æŒåˆ€ä¹Ÿâš”ï¸ã«ã˜ã•ã‚“ã˜,https://twitter.com/rei_Toya_rei
9,1003730852,Fischer's-ãƒ•ã‚£ãƒƒã‚·ãƒ£ãƒ¼ã‚º,https://twitter.com/FischersHome
9,1034137905000636417,ã§ã³ã§ã³ãƒ»ã§ã³ã‚‹,https://twitter.com/debidebiru_sama
9,1034988269920866304,Yoshida(QuizKnock),https://twitter.com/Yoshida_qk
9,1067021869805559809,ã€å…¬å¼ã€‘ãƒ‡ã‚£ã‚ºãƒ‹ãƒ¼ ãƒ„ã‚¤ã‚¹ãƒ†ãƒƒãƒ‰ãƒ¯ãƒ³ãƒ€ãƒ¼ãƒ©ãƒ³ãƒ‰,https://twitter.com/twst_jp
9,1103229230567968768,ç´€é‡ ç´—è‰¯,https://twitter.com/sakuramochisara
9,1110711077468168192,ä¸‰ææ˜é‚£ğŸŒ¶,https://twitter.com/333akina
9,114446939,æœ‰å‰å¼˜è¡Œ,https://twitter.com/ariyoshihiroiki
9,1227933728,ã‹ã‚‰ã‚ã‚‹,https://twitter.com/purinharumaki
9,17306975,ãƒ©ã‚¤ãƒ–ãƒ‰ã‚¢ãƒ‹ãƒ¥ãƒ¼ã‚¹,https://twitter.com/livedoornews
9,1903428362,ã™ã—ã‚‰ãƒ¼ã‚ã‚“ã€Šã‚Šãã€‹,https://twitter.com/sushi_riku
9,2380691000,æ¢¶è£•è²´ Yuki Kaji,https://twitter.com/KAJI__OFFICIAL
9,2422224330,æ²³é‡ç„æ–—,https://twitter.com/gengen_36
9,2507536920,ãƒ³ãƒ€ãƒ›ã€Fischer'sã€‘,https://twitter.com/ndahoFischers
9,2555247516,ãƒã‚µã‚¤ã€Fischer'sã€‘,https://twitter.com/MASAI_Fischers
9,2848709654,ã‚ã‚“ã•ã‚“ã¶ã‚‹ã‚¹ã‚¿ãƒ¼ã‚ºï¼ï¼ã€å…¬å¼ã€‘,https://twitter.com/ensemble_stars
9,2854597802,ã‚†ã‚ã¾ã‚‹ã€æ±æµ·ã‚ªãƒ³ã‚¨ã‚¢ã€‘,https://twitter.com/TO_yumemarucas
9,2929136138,Ado,https://twitter.com/ado1024imokenp
9,3004391053,Pä¸¸æ§˜ã€‚ğŸ£ğŸ³,https://twitter.com/p_ma_ru
9,324391547,ã‚¢ãƒœã‚¬ãƒ‰6,https://twitter.com/avogado6
9,33290455,DECO*27,https://twitter.com/DECO27
9,3819225312,ã‚«ãƒ­ãƒªãƒ¼ãƒ¡ã‚¤ãƒˆ,https://twitter.com/CalorieMate_jp
9,468122115,å®‰å€æ™‹ä¸‰,https://twitter.com/AbeShinzo
9,769070659943235584,ã‚¦ãƒå¨˜ãƒ—ãƒ­ã‚¸ã‚§ã‚¯ãƒˆå…¬å¼ã‚¢ã‚«ã‚¦ãƒ³ãƒˆ,https://twitter.com/uma_musu
8,1011167857596493824,æœ¬é–“ã²ã¾ã‚ã‚ŠğŸŒ»,https://twitter.com/honmahimawari
8,1022844567735824384,æ¤åå”¯è¯ğŸ‘»,https://twitter.com/yuika_siina
8,1167661570756792320,ã‚ã‚“ã•ã‚“ã¶ã‚‹ã‚¹ã‚¿ãƒ¼ã‚ºï¼ï¼Musicã€å…¬å¼ã€‘,https://twitter.com/enstars_music
8,1184354588213698561,ä¸ç ´æ¹ŠğŸ¥‚âœ¨,https://twitter.com/Fuwa_Minato
8,1193542753528926210,é«˜æ¾æ…¶,https://twitter.com/Kei_QuizKnock
8,1409798257,BTS_official,https://twitter.com/bts_bighit
8,1450093814891237377,å²¡æœ¬ä¿¡å½¦,https://twitter.com/ok_nobuhiko
8,161219477,ãƒ¬ãƒˆãƒ«ãƒˆ,https://twitter.com/retokani
8,2595718380,åƒ•ã®ãƒ’ãƒ¼ãƒ­ãƒ¼ã‚¢ã‚«ãƒ‡ãƒŸã‚¢å…¬å¼,https://twitter.com/myheroacademia
8,2613133640,ZAKAO ã€Fischer'sã€‘,https://twitter.com/fischerszakao
8,2968069742,ã€å…¬å¼ã€‘Fate/Grand Order,https://twitter.com/fgoproject
8,3089546354,ãªãªã‚‚ã‚Šã€‚ï¼ ã™ã¨ã·ã‚Š,https://twitter.com/love_nkun
8,3112928295,ãƒˆãƒŸãƒ¼(æ°´æºœã‚Šãƒœãƒ³ãƒ‰),https://twitter.com/miztamari_nikki
8,3129056526,TWICE,https://twitter.com/JYPETWICE
8,3969691152,'åƒ•ã®ãƒ’ãƒ¼ãƒ­ãƒ¼ã‚¢ã‚«ãƒ‡ãƒŸã‚¢ "ãƒ’ãƒ­ã‚¢ã‚«"ã‚¢ãƒ‹ãƒ¡å…¬å¼',https://twitter.com/heroaca_anime
8,4294863146,ã‚¹ãƒã‚¤ãƒªãƒ¼ğŸ˜‰,https://twitter.com/yasuner1103
8,695317713233661952,ã¯ãªãŠ @ğŸ…ãŠã‹ãˆã‚ŠãƒˆãƒãŠãã‚“ğŸ…,https://twitter.com/hanao_sakebu
8,75786783,ARuFa,https://twitter.com/ARuFa_FARu
8,87027640,"ã²ã‚ã‚†ã, Hiroyuki Nishimura",https://twitter.com/hirox246
8,882075658645417985,ãƒ€ãƒ¼ãƒã€Fischer'sã€‘,https://twitter.com/M2DAMA
8,883049179576098817,ãƒ¨ãƒ“ãƒãƒªãŸãã¿ğŸ˜¬,https://twitter.com/Yobinori
8,983702503538610176,ã´ã‚ã¾ã‚‹ã€ç©åˆ†ã‚µãƒ¼ã‚¯ãƒ«ã€‘,https://twitter.com/piro_integral
7,1002077473360658432,å¯æœˆã‚³ã‚¦ğŸŒ™,https://twitter.com/udukikohh
7,1020970696350916608,ãŠã£ã¦ãƒ(ãƒ¼)ã€ç©åˆ†ã‚µãƒ¼ã‚¯ãƒ«ã€‘,https://twitter.com/ot_integral
7,10228272,YouTube,https://twitter.com/YouTube
7,1059457329710526465,å‘ªè¡“å»»æˆ¦ã€å…¬å¼ã€‘,https://twitter.com/jujutsu_PR
7,1064317162028822528,ã‚‚ãµã‚‚ãµå‹•ç”»,https://twitter.com/tyomateee2
7,1090060469606338561,Ayase,https://twitter.com/Ayase_0404
7,111048816,YouTube Japan,https://twitter.com/YouTubeJapan
7,1141971886688989184,åŠ è³€ç¾ ãƒãƒ¤ãƒˆğŸ¢,https://twitter.com/H_KAGAMI2434
7,1162557335316811776,ä¼Šè—¤ä¸ƒæµ·,https://twitter.com/nanaumi110
7,1167010648410091520,ARASHI,https://twitter.com/arashi5official
7,1172478094017302528,å®®åŸä»,https://twitter.com/jin_quizknock
7,118428640,ä¸­æ‘æ‚ ä¸€,https://twitter.com/nakamuraFF11
7,1184381092041646080,ã‚°ã‚¦ã‚§ãƒ«ğŸ˜ã«ã˜ã•ã‚“ã˜,https://twitter.com/Gwelu_os_gar
7,1221660522971463680,ã‚¤ãƒ–ãƒ©ãƒ’ãƒ ğŸ’§,https://twitter.com/honmono_ibrahim
7,1244433641251336192,ç”²æ–ç”° æ™´ ğŸŒ,https://twitter.com/Kaida_Haru
7,125002121,å®‰å…ƒæ´‹è²´ HIROKI YASUMOTO,https://twitter.com/__yasumoto__
7,128631478,ã‹ã„ã‚Šããƒ™ã‚¢,https://twitter.com/kairiki_bear
7,1311649939697537024,ãƒŠã‚¦ãƒ«å…±å’Œå›½æ”¿åºœè¦³å…‰å±€ï¼ˆå…¬å¼ï¼‰,https://twitter.com/nauru_japan
7,132355708,ã‚»ãƒ–ãƒ³â€ã‚¤ãƒ¬ãƒ–ãƒ³ãƒ»ã‚¸ãƒ£ãƒ‘ãƒ³,https://twitter.com/711SEJ
7,133684052,SUNTORYï¼ˆã‚µãƒ³ãƒˆãƒªãƒ¼ï¼‰,https://twitter.com/suntory
7,1355525189740584965,ã®ãˆã‚Šã‚“,https://twitter.com/8_308_3
7,1362387264412606468,ã„ã–ã‚ãƒ»ãµãã‚‰ã®è§£ã‘ã°è§£ãã»ã©è³¢ããªã‚‹ã‚¯ã‚¤ã‚º,https://twitter.com/kashikokunaruq
7,1368490754578948096,ãƒ‰åè¦‹bot,https://twitter.com/DohenkenBot
7,1386219059612553216,å²¡æœ¬æ²™ç´€,https://twitter.com/oka_moto_sa_ki
7,1387334238224064524,æ²³é‡ã‚†ã‹ã‚Š,https://twitter.com/yukarikohno
7,1393173063248711681,King & Prince,https://twitter.com/kingandprince_j
7,1409367400709984260,ãƒ¬ã‚ªã‚¹â€¢ãƒ´ã‚£ãƒ³ã‚»ãƒ³ãƒˆğŸ¥¼ğŸŒ±ğŸ˜ºã«ã˜ã•ã‚“ã˜,https://twitter.com/Leos_Vincent
7,1470044868588507136,ã©ã†ã„ã†çŠ¶æ³ã‚„ã­ã‚“bot,https://twitter.com/LIKELIKE_OLDMEN
7,162737957,èµ¤é«ªã®ã¨ã‚‚ğŸ’â˜ºï¸,https://twitter.com/tomo0723sw
7,188233441,ã‚±ãƒ³ã‚¿ãƒƒã‚­ãƒ¼ãƒ•ãƒ©ã‚¤ãƒ‰ãƒã‚­ãƒ³ğŸ—,https://twitter.com/KFC_jp
7,224660540,æ­¦äº•å£®,https://twitter.com/sosotakei
7,2309594587,è‘‰ä¸€/ã¯ã„ã¡ğŸ€ã¨ã‚ã‚‹ç”·ãŒæˆæ¥­ã‚’ã—ã¦ã¿ãŸğŸ€æ¬¡å›ã®è‡ªç¿’å®¤ã¯æœªå®šã§ã™ï¼æ±ºã¾ã‚Šæ¬¡ç¬¬é€£çµ¡ã—ã¾ã™ï¼,https://twitter.com/haichi_toaru
7,2583889620,æ³¡æ²«(ã†ãŸã‹ãŸ),https://twitter.com/utakatao0
7,276033275,æ±Ÿå£æ‹“ä¹Ÿï¼ˆãˆãã¡ãŸãã‚„ï¼‰,https://twitter.com/egutakuya
7,2820989858,æ¢…åŸè£•ä¸€éƒ,https://twitter.com/UmeuMeumE_Y
7,2905296974,ãƒ¢ãƒˆã‚­ã€Fischer'sã€‘,https://twitter.com/Fs_hasninelives
7,2942676985,ã‚«ãƒ³ã‚¿ï¼ˆæ°´æºœã‚Šãƒœãƒ³ãƒ‰ï¼‰,https://twitter.com/kantamizutamari
7,3091096428,King Gnu,https://twitter.com/KingGnu_JP
7,3092477581,èŠ±æ¾¤é¦™èœ,https://twitter.com/hanazawa_staff
7,3279668144,å¹¾ç”° ã‚Šã‚‰,https://twitter.com/ikutalilas
7,354947693,ãƒãƒƒã‚­ãƒ¼,https://twitter.com/Pocky_Sweets
7,371610505,å±±ä¸‹å¤§è¼ Daiki Yamashita,https://twitter.com/DaiKing_boy
7,3861642193,è‰çŠ¬ãã‚“ï¼ ã™ã¨ã·ã‚Š,https://twitter.com/rinu_nico
7,4093157479,ã‚¸ã‚§ãƒ«@ã™ã¨ã·ã‚Š,https://twitter.com/Jel__official
7,418573546,ã‚ã„ã¡ã‚ƒã‚“ï¼ˆæœ€å¼·ï¼‰,https://twitter.com/meynico
7,423644055,ãƒªãƒ¥ã‚¦ã‚¸@æ–™ç†ã®ãŠã«ã„ã•ã‚“ãƒã‚ºãƒ¬ã‚·ãƒ”,https://twitter.com/ore825
7,509722453,SEIKIN (ã‚»ã‚¤ã‚­ãƒ³),https://twitter.com/SeikinTV
7,64717324,ã€å…¬å¼ã€‘ãƒ´ã‚£ãƒ¬ãƒƒã‚¸ãƒ´ã‚¡ãƒ³ã‚¬ãƒ¼ãƒ‰,https://twitter.com/vv__official
7,69496975,ã—ãã‚Œã†ã„ğŸŒ‚,https://twitter.com/ui_shig
7,738529042186440708,ã™ã¨ã·ã‚Šã€å…¬å¼ã€‘,https://twitter.com/StPri_info
7,763677450131746817,å¹³æˆã‚’å¿˜ã‚Œãªã„bot,https://twitter.com/HEISEI_love_bot
7,806020707700215808,TWICE JAPAN OFFICIAL,https://twitter.com/JYPETWICE_JAPAN
7,848450138,ã©ã†ã¶ã¤ã®æ£®,https://twitter.com/doubutsuno_mori
7,856135825,å°é‡è³¢ç« ,https://twitter.com/ono_kensho
7,88846085,Yahoo!ãƒ‹ãƒ¥ãƒ¼ã‚¹,https://twitter.com/YahooNewsTopics
7,91081573,ä¸€ç•ªãã˜ï¼ˆBANDAI SPIRITSï¼‰,https://twitter.com/ichibanKUJI
7,920289838602919936,æ±äº¬åãƒªãƒ™ãƒ³ã‚¸ãƒ£ãƒ¼ã‚ºã€å…¬å¼ã€‘,https://twitter.com/toman_official
7,923777732948852736,ã‚­ãƒƒã‚³ãƒ¼ãƒãƒ³è±†ä¹³ å…¬å¼,https://twitter.com/kikkoman_tounyu
7,958737597336928256,æœˆãƒç¾å…ğŸ°,https://twitter.com/MitoTsukino
7,973149860474990592,ã“ã‚ã‚“ãã‚“@æ—¥å¸¸,https://twitter.com/colon56nhimitu
7,983917124648255490,2ã¡ã‚ƒã‚“ã­ã‚‹è¿·è¨€é›†,https://twitter.com/mg2b5
7,985783965922377729,ã‚ãŒğŸ§,https://twitter.com/waga_integral
7,997497653549088768,âˆ« ã™ã‚“ Î£Ï…Î½ dxğŸ‹ğŸ‹ğŸ‹ ã¯ã…ã‚“sometimesã¯ãã‚“ 'AÏ…Î½ with Bose,https://twitter.com/sun_sekibun
6,1001291760272736257,ç·‘ä»™ğŸ¼Ryushen,https://twitter.com/midori_2434
6,1009734224369221632,é·¹å®®ãƒªã‚ªãƒ³ğŸ¦…,https://twitter.com/TakamiyaRion
6,1014973243164319744,ã¡ã„ã‹ã‚â°å ã„æœ5æ™‚58åˆ†,https://twitter.com/ngnchiikawa
6,101772216,å¼Ÿè€…,https://twitter.com/Otojya
6,102001821,æœ¨æ‘æ˜´,https://twitter.com/GiantSUBAru
6,1027050557465223169,èˆå…ƒå•“ä»‹ğŸ‘¨â€ğŸŒ¾ã«ã˜ã•ã‚“ã˜,https://twitter.com/maimoto_k
6,1028458841871007744,ç”ºç”°ã¡ã¾ğŸ¹ã¾ã¡ãŸã¡ã¾,https://twitter.com/chima_machita23
6,1030780357665124352,ããã–ã“â˜†ã‚Šã„ã¬ãã‚…ã‚“,https://twitter.com/rinu_dayo
6,1034345063432650752,ã‚¸ãƒ§ãƒ¼ãƒ»åŠ›ä¸€ğŸ¤¡ğŸˆ ã«ã˜ã•ã‚“ã˜,https://twitter.com/JoeRikiichi
6,1034806891803635712,ã‚¸ã‚§ãƒ«,https://twitter.com/jel_subsub
6,1048122071551639552,ãšã£ã¨çœŸå¤œä¸­ã§ã„ã„ã®ã«ï½¡(ï½½ï¾€ï½¯ï¾Œ),https://twitter.com/zutomayo_staff
6,1050192071158452224,PayPayæ ªå¼ä¼šç¤¾,https://twitter.com/PayPayOfficial
6,1070960596357509121,åŸç¥ï¼ˆGenshinï¼‰å…¬å¼,https://twitter.com/Genshin_7
6,107105863,ç‰›æ²¢,https://twitter.com/ushizawa
6,1076789563438166017,å¤©ï¨‘æ»‰å¹³ (å¤©å´æ»‰å¹³),https://twitter.com/amasakikohei
6,108223197,ã¨ãªã‚Šã®å‚ç”°ã€‚@æµ¦å³¶å‚ç”°èˆ¹,https://twitter.com/sakatandao
6,1099996270947528704,ã‚¢ãƒ³ã‚¸ãƒ¥ãƒ»ã‚«ãƒˆãƒªãƒ¼ãƒŠâš–æœ¬æ—¥22æ™‚ / ã‚„ã‚ã‚‰ã‹ã‚ãŸã¾å¡¾,https://twitter.com/Ange_Katrina_
6,1107557844855844864,æˆŒäº¥ã¨ã“ğŸ¹,https://twitter.com/inui_toko
6,1107935587271467008,ãƒªã‚¼ãƒ»ãƒ˜ãƒ«ã‚¨ã‚¹ã‚¿ğŸ‘‘,https://twitter.com/Lize_Helesta
6,110879535,ã‚¬ãƒƒãƒãƒãƒ³ ï¼ˆç·åˆï¼‰,https://twitter.com/Gatchman666
6,112207890,ã†ã‚‰ãŸã¬ãğŸ€æµ¦å³¶å‚ç”°èˆ¹/æµ¦ç”°ã‚ãŸã‚‹,https://twitter.com/uratasama
6,1127510802901024768,ã‚‹ã…ã¨@æ—¥å¸¸,https://twitter.com/root_dayo
6,1131496563669229568,ãƒ‹ãƒˆãƒ­çˆ†å¼¾,https://twitter.com/TO_NITOROBOMB
6,1143824438040748032,ç›¸ç¾½ ã†ã„ã¯ ğŸ®ğŸ’(ã‚ã„ã°ã†ã„ã¯)@ã«ã˜ã•ã‚“ã˜,https://twitter.com/AibaUiha
6,1145981354074464257,ã‚†ãã‚€ã‚‰ã€‚@é¨å£«A,https://twitter.com/Xykmr
6,1167659764047761409,ã‚ã‚“ã•ã‚“ã¶ã‚‹ã‚¹ã‚¿ãƒ¼ã‚ºï¼ï¼Basicã€å…¬å¼ã€‘,https://twitter.com/enstars_basic
6,1184071904245583874,æ˜Ÿå·ã‚µãƒ©ğŸŒŸSara Hoshikawa,https://twitter.com/Sara_Hoshikawa
6,119076814,æ‰ç”°æ™ºå’Œ/ã‚¢ã‚¸ãƒ«ã‚¹,https://twitter.com/sugitaLOV
6,1193514650723241985,âˆ«ã‚‹ã‚“ã¨ã†ğŸ“¡dx,https://twitter.com/lunto_integral
6,119744178,ãƒ€ãƒ«ãƒ“ãƒƒã‚·ãƒ¥æœ‰(Yu Darvish),https://twitter.com/faridyu
6,1221657763954057217,ãƒ•ãƒ¬ãƒ³ãƒ»Eãƒ»ãƒ«ã‚¹ã‚¿ãƒªã‚ªğŸ 10/6 ã‚¢ãƒ«ãƒãƒ ç™ºå£²,https://twitter.com/furen_2434
6,1244254367806410753,å¼¦æœˆ è—¤å£«éƒğŸ»ğŸ›µã«ã˜ã•ã‚“ã˜,https://twitter.com/1O46V
6,1244548255913930761,é•·å°¾ æ™¯ â˜¯ï¸ã«ã˜ã•ã‚“ã˜â˜¯ï¸,https://twitter.com/kei_nagao2434
6,1245545640626536449,å£°å„ªã¨å¤œã‚ãã³ï¼ ABEMA(ã‚¢ãƒ™ãƒ),https://twitter.com/yoasobi_ABEMA
6,1247032696586436609,å²¸ç”°æ–‡é›„,https://twitter.com/kishida230
6,1248865404941791232,ã‚ã‚‰ãªã‚‹ã‚ã„å…¬å¼,https://twitter.com/aranarumey_info
6,1268508619726655488,ã‹ãªãˆã®ã•ã¶ã‚ã‹,https://twitter.com/kanae_iroiro
6,128179494,æ±Ÿæˆ¸å·ã‚³ãƒŠãƒ³,https://twitter.com/conan_file
6,1289884632637349888,è¥¿åœ’ãƒã‚°ã‚µğŸ¬ğŸŒ±,https://twitter.com/Chigusa_24zono
6,1290261922697289729,ä¸‹é‡ç´˜,https://twitter.com/shimono_kousiki
6,129202343,ãƒ’ãƒ¡ãƒ¦ãƒª,https://twitter.com/Himeyurrrrry
6,1297110770354753537,KnightA-é¨å£«A-,https://twitter.com/Knight_A_info
6,1315888376,HIRO,https://twitter.com/GORO_MEME
6,131742114,åƒé³¥ãƒãƒ–,https://twitter.com/NOBCHIDORI
6,1339136499216916480,çŒªä¿£ å¤§è¼,https://twitter.com/inomata_hiroki
6,1343705630,ãƒ¡ãƒ«ã‚«ãƒª,https://twitter.com/mercari_jp
6,134453022,ğŸ¤®GeroğŸ¤®,https://twitter.com/Gero2525
6,1374180791685541888,æ ªå¼ä¼šç¤¾TOKIO,https://twitter.com/tokioinc_2021
6,1374183712309481478,å›½åˆ†å¤ªä¸€,https://twitter.com/tokioinc_taichi
6,1379438008374415363,kifutown,https://twitter.com/kifutown
6,1391371088534261768,å·ä¸Šè«’äºº,https://twitter.com/ry_kawakami
6,1396654655543726086,å¾Œè—¤ å¼˜,https://twitter.com/kou_goto_
6,1396750807131848715,æ±è¨€,https://twitter.com/Gon_Higashi
6,1414416987703300100,ãƒ­ãƒ¼ãƒ¬ãƒ³ãƒ»ã‚¤ãƒ­ã‚¢ã‚¹,https://twitter.com/Lauren_iroas
6,1414419155881627649,ã‚ªãƒªãƒãƒ¼ãƒ»ã‚¨ãƒãƒ³ã‚¹,https://twitter.com/oliverD_23
6,1434915670492266496,éŸ¿å¹³,https://twitter.com/QK_kyohei
6,1447786041973227525,å‹ç”°ã‚ŠãŠ,https://twitter.com/rio_shoda
6,1452795571618476032,çŸ³å·ç•Œäºº,https://twitter.com/ish_kaito
6,1570086542,ä¸­å·ç¿”å­ğŸ¯,https://twitter.com/shoko55mmts
6,1667551915,ã‚ã‚‰ãâ©,https://twitter.com/axiz_and_nico
6,167110445,ä¸€æ™ºå’Œæ™ºãƒãƒ¼ã‚µã‚¹ã‚¢ãƒ¼ã‚¹ç¶šç·¨æ›´æ–°ä¸­,https://twitter.com/burningblossom
6,169480493,æ—¥æœ¬çµŒæ¸ˆæ–°è é›»å­ç‰ˆï¼ˆæ—¥çµŒé›»å­ç‰ˆï¼‰,https://twitter.com/nikkei
6,183645255,ãƒ•ã‚¸,https://twitter.com/fuji_saiore
6,1878450026,BTS JAPAN OFFICIAL,https://twitter.com/BTS_jp_official
6,188539961,ããã¡ã‚†ã†ã,https://twitter.com/yuukikikuchi
6,191004170,ãƒ¦ãƒ‹ãƒãƒ¼ã‚µãƒ«ãƒ»ã‚¹ã‚¿ã‚¸ã‚ªãƒ»ã‚¸ãƒ£ãƒ‘ãƒ³å…¬å¼,https://twitter.com/USJ_Official
6,1934010613,ã‚¢ãƒ‹ãƒ¡ã€Œãƒã‚¤ã‚­ãƒ¥ãƒ¼!!ã€,https://twitter.com/animehaikyu_com
6,1946822772,ã‚³ã‚¦ã‚¤ãƒ,https://twitter.com/ko1529
6,196519914,æ¦æœ¨æ·³å¼¥,https://twitter.com/enojunjunjun
6,200406959,å³¶ï¨‘ä¿¡é•·(å³¶å´ä¿¡é•·),https://twitter.com/nobunaga_s
6,200965355,æ¡œäº• æ”¿åš / Masahiro Sakurai,https://twitter.com/Sora_Sakurai
6,204245399,NHKãƒ‹ãƒ¥ãƒ¼ã‚¹,https://twitter.com/nhk_news
6,213550062,music station,https://twitter.com/Mst_com
6,218450187,ä½ƒç…®ã®ã‚ŠãŠ/çŠ¬å±±ãŸã¾ãğŸ¶ğŸ’™,https://twitter.com/norioo_
6,219968157,falcon,https://twitter.com/imadake398yen
6,2346809580,æŒ‡åŸ è‰ä¹ƒ,https://twitter.com/345__chan
6,2371235972,ã‚³ã‚¤ã‚±ãƒ¤ã€å…¬å¼ã€‘,https://twitter.com/koikeya_cp
6,2377035565,æ©‹æœ¬ç’°å¥ˆ,https://twitter.com/H_KANNA_0203
6,2420554465,å¤§ä¹±é—˜ã‚¹ãƒãƒƒã‚·ãƒ¥ãƒ–ãƒ©ã‚¶ãƒ¼ã‚ºã€ã‚¹ãƒãƒ–ãƒ©å…¬å¼ã€‘,https://twitter.com/SmashBrosJP
6,2489628272,äº•å£ç†,https://twitter.com/Satoru_191
6,2530340233,ãªãªã‚‚ã‚Šã€‚ï¼ ã™ã¨ã·ã‚ŠğŸ“,https://twitter.com/nanamorisan
6,2673761042,ã‚¹ã‚·ãƒ­ãƒ¼,https://twitter.com/akindosushiroco
6,2684135898,ç¥æœ¨éš†ä¹‹ä»‹,https://twitter.com/kamiki_official
6,2724049374,ã´ãã¨,https://twitter.com/p1kt3
6,2793976860,Testosterone,https://twitter.com/badassceo
6,282021927,æ£®æ°¸è£½è“,https://twitter.com/morinaga_angel
6,285630596,æœ¨æ‘è‰¯å¹³,https://twitter.com/Ryouhey_Drunk
6,2908701589,ã—ã‚ã¾ã‚“ãŸ,https://twitter.com/shiromanta1020
6,2920764931,æ°´ä¸Šé¢¯,https://twitter.com/sou_mizukami
6,2934830738,ã“ã‚ã‚“ï¼ ã™ã¨ã·ã‚Š,https://twitter.com/Colon56N
6,2998461571,ãƒãƒ²â—‡2å·»ç™ºå£²ä¸­,https://twitter.com/esasi8794
6,3163966332,ã‚‹ã…ã¨@ã™ã¨ã·ã‚Š,https://twitter.com/root_nico
6,3228043340,ã‚«ãƒƒãƒ—ãƒŒãƒ¼ãƒ‰ãƒ«,https://twitter.com/cupnoodle_jp
6,3246185000,å¸¸ç”°å¤§å¸Œ - Daiki Tsuneta,https://twitter.com/DaikiTsuneta
6,3255473401,ABEMA(ã‚¢ãƒ™ãƒ),https://twitter.com/ABEMA
6,3270559442,è…ç”°å°†æš‰,https://twitter.com/sudaofficial
6,3303023652,ã“ã‚ã‚“ãã‚“@ã™ã¨ã·ã‚Š,https://twitter.com/Colon56Nsab
6,3321902228,ã¾ã²ã¨ãã‚“ ã€‚Ü¤@é¨å£«A,https://twitter.com/bacuwa
6,3335453780,ï¾˜ï¾›æ°/LiloSHI,https://twitter.com/ly_rone
6,362401254,é«˜é ˆå…‹å¼¥,https://twitter.com/katsuyatakasu
6,371675757,æµªå·å¤§è¼”,https://twitter.com/namidai0402
6,374363691,ã‚‰ã£ã ã,https://twitter.com/radaokun
6,3789057558,åœŸå² éš¼ä¸€,https://twitter.com/tokishunichi
6,412940784,é¦–ç›¸å®˜é‚¸,https://twitter.com/kantei
6,4517434932,ã‚¸ã‚§ãƒ«@é äº•ã•ã‚“,https://twitter.com/jel_sub
6,456303228,ãªã‚‹ã›ğŸ¥,https://twitter.com/nqrse
6,4643388386,ã•ã¨ã¿@ã™ã¨ã·ã‚Š,https://twitter.com/satoniya_
6,4717712652,â™¦ï¸Chinozoâ™¦ï¸,https://twitter.com/chinozo_
6,4825664978,ç™½äº•æ‚ ä»‹,https://twitter.com/shirai_universe
6,49379814,å¿—éº»@æµ¦å³¶å‚ç”°èˆ¹â™”,https://twitter.com/shima_s2
6,517559170,ã‚­ãƒªãƒ³ãƒ“ãƒ¼ãƒ« / KIRIN BEER,https://twitter.com/Kirin_Brewery
6,538665604,ä½è—¤äºŒæœ—,https://twitter.com/actor_satojiro
6,53949113,ãã‚‰ã‚‹,https://twitter.com/soraruru
6,543187543,è¥¿å±±å®å¤ªæœ—,https://twitter.com/Koutarotaro
6,560213512,ã—ã‚†ã‚“@é¨å£«A,https://twitter.com/shiyun928
6,563123941,Fuga,https://twitter.com/Fugabeatbox
6,717362728512294912,ã‚Šã„ã¬ãã‚“ in éš ã‚Œå®¶,https://twitter.com/rinu_sub
6,723123027655819265,ã€Œãƒ•ã‚¡ãƒ³ã‚¿ã‚¹ãƒ†ã‚£ãƒƒã‚¯ãƒ»ãƒ“ãƒ¼ã‚¹ãƒˆã€å…¬å¼,https://twitter.com/wizardingw_jp
6,724067031297851392,æ¥µä¸Šã®ã‚¹ã‚¤ãƒ¼ãƒ„,https://twitter.com/sweetroad5
6,725927311854313473,â—¯â—¯ã®ä¸»å½¹ã¯æˆ‘ã€…ã ï¼,https://twitter.com/oowareware1945
6,727933959351324672,ã•ã¨ã¿ã•ã‚“,https://twitter.com/satomimi__
6,731668649119977473,ã‚‹ã…ã¨Â²@ã™ã¨ã·ã‚Š,https://twitter.com/root_nico_2
6,738199700914872320,ãƒ¨ãƒ«ã‚·ã‚«ï¼ˆn-bunaã€suisï¼‰ / Official,https://twitter.com/nbuna_staff
6,767632914292936704,ã§ã‚“ãŒã‚“ã‚µãƒ–å¢ã€œã¾ã‚ã¾ã‚ãªåµãƒ•ã‚¡ãƒ³ã€œ,https://twitter.com/dengan_sub
6,775280864674525184,ãƒãƒ³ãƒ‰ãƒªï¼ ã‚¬ãƒ¼ãƒ«ã‚ºãƒãƒ³ãƒ‰ãƒ‘ãƒ¼ãƒ†ã‚£ï¼,https://twitter.com/bang_dream_gbp
6,800352876,æ —ç”°ã‚ãã‚Š,https://twitter.com/kurita_aguri
6,819264097,ãƒã‚¤ã‚­ãƒ¥ãƒ¼!!.com,https://twitter.com/haikyu_com
6,822486799184314368,YouTubeè¿·ã‚³ãƒ¡ãƒ³ãƒˆé›†,https://twitter.com/YTMGS
6,823576682426531840,ã¾ã‚ãŸã@å²¡å±±ãŒç”Ÿã‚“ã å¥‡è·¡ã®ä¸ç´°å·¥ğŸ˜·,https://twitter.com/m591ts
6,83495654,ã‚„ã—ã‚ã‚ãšã@æ–°æ›¸ç™ºå£²ä¸­,https://twitter.com/yashi09
6,852174673781641216,å‹•ç‰©ãƒ»ç™’ã—bot ğŸ¾,https://twitter.com/animal_iyashl
6,871373481929195522,ãŸã£ã¤ãƒ¼ğŸ,https://twitter.com/tattsuu_int
6,880048640261201921,ã–ã“ã‚‚ã‚Šã¡ã‚ƒã‚“,https://twitter.com/nanamorinyan
6,89151531,ãƒã‚«ãƒªã‚ºãƒ ,https://twitter.com/BAKARHYTHM
6,893331620622548992,ãƒ‡ã‚£ã‚ºãƒ‹ãƒ¼ã‚²ãƒ¼ãƒ å…¬å¼,https://twitter.com/disneygames_jp
6,899911760764739584,ãƒ’ãƒ—ãƒã‚·ã‚¹ãƒã‚¤ã‚¯-D.R.B-å…¬å¼(ãƒ’ãƒ—ãƒã‚¤),https://twitter.com/hypnosismic
6,911047687679516672,NITORI,https://twitter.com/NitoriOfficial
6,921064594277253120,âˆ«ã‚†ã†ã‚†ã†dx(nâˆˆâ„™),https://twitter.com/yewyew_sekibun
6,921065011367223296,âˆ« ã¯ã—ã‘ã‚“ @G,https://twitter.com/hskn_integral
6,936026017461780480,ã‚„ã‚ˆã„è»’ï¼ˆå…¬å¼ï¼‰,https://twitter.com/yayoiken_com
6,94322333,å¤©æœˆ-ã‚ã¾ã¤ã-,https://twitter.com/_amatsuki_
6,948962967843880960,ã™ã‚Šãƒ@LIVEæ±ºå®š,https://twitter.com/iii0303_8
6,95207674,ORICON NEWSï¼ˆã‚ªãƒªã‚³ãƒ³ãƒ‹ãƒ¥ãƒ¼ã‚¹ï¼‰,https://twitter.com/oricon
6,970645330956963840,ä¼è¦‹ã‚¬ã‚¯(22)â€ ã«ã˜ã•ã‚“ã˜æ‰€å±,https://twitter.com/gaku_fushimi
6,970940146680868864,éˆ´é¹¿è©©å­ğŸ¶ ä¸å®šæœŸé…ä¿¡&ãƒã‚¿å‹•ç”»æŠ•ç¨¿,https://twitter.com/suzukautako
6,973458588042633216,ã‚¢ãƒ™ãƒ¬ãƒ¼ã‚¸ âš–,https://twitter.com/Average_Virtual
6,97587976,æ´¥ç”°å¥æ¬¡éƒ KENJIRO TSUDA,https://twitter.com/tsuda_ken
6,978442914693959680,æµœè¾ºç¾æ³¢,https://twitter.com/MINAMI373HAMABE
6,978829424056397824,å†…ç”°é›„é¦¬å…¬å¼ã‚¢ã‚«ã‚¦ãƒ³ãƒˆ,https://twitter.com/yuma_u_official
6,978953997443776514,å±±æœ¬ã‚†ã‚Šï¼ˆsyunkon ãƒ¬ãƒ³ã‚¸ã¯600W),https://twitter.com/syunkon0507
6,981862230151974913,ã‚­ãƒ¥ãƒ«Z,https://twitter.com/kyuryuZ
6,983316818818248707,ã€ç´„æŸã®ãƒãƒãƒ¼ãƒ©ãƒ³ãƒ‰ã€å…¬å¼,https://twitter.com/yakuneba_staff
6,987311803704139776,ã ã‚‹ã¾ã„ãšã”ã£ã©,https://twitter.com/darumaisgod
6,993257886,syudou,https://twitter.com/tikandame
6,993283496,ã‚¢ãƒ‹ãƒ¡ã€Œé€²æ’ƒã®å·¨äººã€å…¬å¼ã‚¢ã‚«ã‚¦ãƒ³ãƒˆ,https://twitter.com/anime_shingeki
6,994648976669360130,ä¸­é‡ã‚ã‚‹ã¾ğŸ§¸ğŸ«Alma Nakano,https://twitter.com/nakanoalma6
6,994984072647593984,éˆ´æœ¨å‹â˜ªï¸ã«ã˜ã•ã‚“ã˜,https://twitter.com/Darkness_Eater
6,997758565375918080,ã•ã‚‹ãˆã‚‹ğŸ§,https://twitter.com/sarrouel_intera
