Count,ID,Name,URL
24,760428449869598720,æ±å¤§ç‹ã€æ¬¡å›ğŸ‘‰ğŸ»2æœˆ2æ—¥(æ°´)2æ™‚é–“SPğŸ±ã€‘,https://twitter.com/toudaiou_tbs
7,773009023813554176,ç¾Šé£¼ã„K,https://twitter.com/knojinro
10,923777732948852736,ã‚­ãƒƒã‚³ãƒ¼ãƒãƒ³è±†ä¹³ å…¬å¼,https://twitter.com/kikkoman_tounyu
6,1041915108069261313,èŠ±èŠ½ã™ã¿ã‚ŒğŸ‘¾ğŸ’¤,https://twitter.com/sumire_kaga
10,1011167857596493824,æœ¬é–“ã²ã¾ã‚ã‚ŠğŸŒ»,https://twitter.com/honmahimawari
7,1088846280015507456,ã€å…¬å¼ã€‘æ ªå¼ä¼šç¤¾ã»ãˆã„,https://twitter.com/HOEI_Inc
7,1374180791685541888,æ ªå¼ä¼šç¤¾TOKIO,https://twitter.com/tokioinc_2021
8,4643388386,ã•ã¨ã¿@ã™ã¨ã·ã‚Š,https://twitter.com/satoniya_
10,1184354588213698561,ä¸ç ´æ¹ŠğŸ¥‚âœ¨,https://twitter.com/Fuwa_Minato
7,1002077473360658432,å¯æœˆã‚³ã‚¦ğŸŒ™,https://twitter.com/udukikohh
9,112207890,ã†ã‚‰ãŸã¬ãğŸ€æµ¦å³¶å‚ç”°èˆ¹/æµ¦ç”°ã‚ãŸã‚‹,https://twitter.com/uratasama
6,1530718705,é…’æ¡œğŸ–,https://twitter.com/sakezakura
8,599969854,tenki.jpåœ°éœ‡æƒ…å ±,https://twitter.com/tenkijp_jishin
9,563123941,Fuga,https://twitter.com/Fugabeatbox
44,1351887629894094851,QuizKnockç·¨é›†éƒ¨,https://twitter.com/QuizKnock_Web
6,975275878673408001,æ˜Ÿè¡—ã™ã„ã›ã„â˜„ï¸ãƒ›ãƒ­ãƒ©ã‚¤ãƒ–0æœŸç”Ÿ,https://twitter.com/suisei_hosimati
8,278077091,ä»£æ°¸ç¿¼,https://twitter.com/numanumakapa
130,991675491324084224,å±±æœ¬ ç¥¥å½°,https://twitter.com/quiz_yamamoto
7,823576682426531840,ã¾ã‚ãŸã@å²¡å±±ãŒç”Ÿã‚“ã å¥‡è·¡ã®ä¸ç´°å·¥ğŸ˜·,https://twitter.com/m591ts
27,552700119,ã¯ã˜ã‚ã—ã‚ƒã¡ã‚‡ãƒ¼(hajime),https://twitter.com/hajimesyacho
6,4628833699,ãƒŠã‚¬ãƒ,https://twitter.com/ngntrtr
6,1373598385,Mrs. GREEN APPLE,https://twitter.com/AORINGOHUZIN
8,738199700914872320,ãƒ¨ãƒ«ã‚·ã‚«ï¼ˆn-bunaã€suisï¼‰ / Official,https://twitter.com/nbuna_staff
12,1903428362,ã™ã—ã‚‰ãƒ¼ã‚ã‚“ã€Šã‚Šãã€‹,https://twitter.com/sushi_riku
6,1439809402643443717,å¤§å€‰å¿ ç¾©ï¼Producer,https://twitter.com/J_ohkura_88
6,1144541744639250432,å¤œè¦‹ã‚Œãªâ¥ã«ã˜ã•ã‚“ã˜æ‰€å±,https://twitter.com/rena_yorumi
6,970940146680868864,éˆ´é¹¿è©©å­ğŸ¶ ä¸å®šæœŸé…ä¿¡&ãƒã‚¿å‹•ç”»æŠ•ç¨¿,https://twitter.com/suzukautako
28,1158668053183266816,ãƒ—ãƒ­ã‚¸ã‚§ã‚¯ãƒˆã‚»ã‚«ã‚¤ ã‚«ãƒ©ãƒ•ãƒ«ã‚¹ãƒ†ãƒ¼ã‚¸ï¼ feat. åˆéŸ³ãƒŸã‚¯ã€ãƒ—ãƒ­ã‚»ã‚«ã€‘,https://twitter.com/pj_sekai
7,317684165,ä¹ƒæœ¨å‚46,https://twitter.com/nogizaka46
15,1181863232228610048,ã€å‘ªè¡“å»»æˆ¦ã€ã‚¢ãƒ‹ãƒ¡å…¬å¼,https://twitter.com/animejujutsu
12,3819225312,ã‚«ãƒ­ãƒªãƒ¼ãƒ¡ã‚¤ãƒˆ,https://twitter.com/CalorieMate_jp
9,204245399,NHKãƒ‹ãƒ¥ãƒ¼ã‚¹,https://twitter.com/nhk_news
8,517559170,ã‚­ãƒªãƒ³ãƒ“ãƒ¼ãƒ« / KIRIN BEER,https://twitter.com/Kirin_Brewery
10,775280864674525184,ãƒãƒ³ãƒ‰ãƒªï¼ ã‚¬ãƒ¼ãƒ«ã‚ºãƒãƒ³ãƒ‰ãƒ‘ãƒ¼ãƒ†ã‚£ï¼,https://twitter.com/bang_dream_gbp
6,2314870309,ç¶¾é·¹ï¼ˆã‚ã‚„ãŸã‹ï¼‰,https://twitter.com/ayatakaJP
8,4517434932,ã‚¸ã‚§ãƒ«@é äº•ã•ã‚“,https://twitter.com/jel_sub
7,3118917463,ãƒ¢ãƒ¼ãƒªãƒ¼ãƒ•ã‚¡ãƒ³ã‚¿ã‚¸ãƒ¼ã€å…¬å¼ã€‘,https://twitter.com/mollyfantasy_of
15,219867859,ã‚¹ã‚¿ãƒ¼ãƒãƒƒã‚¯ã‚¹ ã‚³ãƒ¼ãƒ’ãƒ¼,https://twitter.com/Starbucks_J
8,2803421714,åˆ€å‰£ä¹±èˆ-ONLINE-ã€é‹å–¶ã€‘,https://twitter.com/TOUKEN_STAFF
6,722997965783072772,LINEï¼šãƒ‡ã‚£ã‚ºãƒ‹ãƒ¼ ãƒ„ãƒ ãƒ„ãƒ å…¬å¼,https://twitter.com/LINE_tsumtsum_j
8,717362728512294912,ã‚Šã„ã¬ãã‚“ in éš ã‚Œå®¶,https://twitter.com/rinu_sub
6,1332997440908062720,ãŠã‚‰ãµãã‚“ã‚µãƒ–,https://twitter.com/warufu_sub
9,2785593660,åˆ€å‰£ä¹±èˆ-æœ¬ä¸¸é€šä¿¡-ã€å…¬å¼ã€‘,https://twitter.com/tkrb_ht
8,1290261922697289729,ä¸‹é‡ç´˜,https://twitter.com/shimono_kousiki
104,1212690333462458369,ä¹¾,https://twitter.com/QK_inui
9,1414416987703300100,ãƒ­ãƒ¼ãƒ¬ãƒ³ãƒ»ã‚¤ãƒ­ã‚¢ã‚¹,https://twitter.com/Lauren_iroas
11,2820989858,æ¢…åŸè£•ä¸€éƒ,https://twitter.com/UmeuMeumE_Y
7,626126462,ã‚¢ãƒ³ã‚¯ï¼ é‡‘æ›œãƒ­ãƒ¼ãƒ‰ã‚·ãƒ§ãƒ¼å…¬å¼,https://twitter.com/kinro_ntv
9,1409798257,BTS_official,https://twitter.com/bts_bighit
15,2848709654,ã‚ã‚“ã•ã‚“ã¶ã‚‹ã‚¹ã‚¿ãƒ¼ã‚ºï¼ï¼ã€å…¬å¼ã€‘,https://twitter.com/ensemble_stars
7,1001291760272736257,ç·‘ä»™ğŸ¼Ryushen,https://twitter.com/midori_2434
6,374363691,ã‚‰ã£ã ã,https://twitter.com/radaokun
7,128179494,æ±Ÿæˆ¸å·ã‚³ãƒŠãƒ³,https://twitter.com/conan_file
6,84503328,ã‚µãƒ–ã‚¦ã‚§ã‚¤,https://twitter.com/subwayjp
6,220332457,ãã‚ƒã‚Šãƒ¼ã±ã¿ã‚…ã±ã¿ã‚…,https://twitter.com/pamyurin
7,1125700985660198912,ã‚¨ã‚¯ã‚¹ãƒ»ã‚¢ãƒ«ãƒ“ã‚ªğŸ›¡ã€ã«ã˜ã•ã‚“ã˜æ‰€å±ã€‘ã‚¨ãƒ“ã‚ª,https://twitter.com/Ex_Albio
7,978953997443776514,å±±æœ¬ã‚†ã‚Šï¼ˆsyunkon ãƒ¬ãƒ³ã‚¸ã¯600W),https://twitter.com/syunkon0507
11,2905296974,ãƒ¢ãƒˆã‚­ã€Fischer'sã€‘,https://twitter.com/Fs_hasninelives
6,1258782083150835712,ãƒ­ãƒ•ã€œã‚¢ã‚¸ã‚¢æœ€å¼·ã®ç”·é”ã€œ,https://twitter.com/Rofumans
7,948962967843880960,ã™ã‚Šãƒ@LIVEæ±ºå®š,https://twitter.com/iii0303_8
7,1610621227,æµ¦å³¶å‚ç”°èˆ¹å…¬å¼,https://twitter.com/USSS_info
7,164720026,è°·å±±ç´€ç« ,https://twitter.com/kishownstarmaps
9,509722453,SEIKIN (ã‚»ã‚¤ã‚­ãƒ³),https://twitter.com/SeikinTV
7,986275202030907392,ACAã­ (ãšã£ã¨çœŸå¤œä¸­ã§ã„ã„ã®ã«ã€‚),https://twitter.com/zutomayo
6,1198906235673661440,ã€ãƒãƒ‹ãƒ—ãƒ¬ã€‘å¥½è©•é…ä¿¡ä¸­ï¼ï½œHoneyWorkså…¬å¼ãƒªã‚ºãƒ ã‚²ãƒ¼ãƒ â”—|âˆµ|â”“,https://twitter.com/HoneyWorks_Game
6,1427861485917642752,ã‚ã‚“ã‚¹ã‚¿åˆ‘äº‹ã€å…¬å¼ã€‘,https://twitter.com/enstars_deka
6,1208326128596766720,å¥ˆç¾…èŠ±âœ–ğŸ³,https://twitter.com/Naraka_2434
9,75786783,ARuFa,https://twitter.com/ARuFa_FARu
8,1386222411310198790,å’Œç”°ç©ºå¤§,https://twitter.com/sorato_wada
6,1032564107038224386,åˆã‚ã¾ã—ã¦æ¾å°¾ã§ã™,https://twitter.com/20hajimemashite
8,89151531,ãƒã‚«ãƒªã‚ºãƒ ,https://twitter.com/BAKARHYTHM
6,1031772629072457729,ã¾ã—ã‚ƒã‹ã‚Š@å‹•ç”»å±‹ğŸ™,https://twitter.com/masakari0601071
9,893331620622548992,ãƒ‡ã‚£ã‚ºãƒ‹ãƒ¼ã‚²ãƒ¼ãƒ å…¬å¼,https://twitter.com/disneygames_jp
7,1465590046174908416,ã™ã‚“( 'ÖŠ' ),https://twitter.com/sun__sekibun
8,806020707700215808,TWICE JAPAN OFFICIAL,https://twitter.com/JYPETWICE_JAPAN
6,893278389175328769,ãƒ”ã‚¶ãƒ¼ãƒ©,https://twitter.com/pizzala_jp
8,10228272,YouTube,https://twitter.com/YouTube
6,970645330956963840,ä¼è¦‹ã‚¬ã‚¯(22)â€ ã«ã˜ã•ã‚“ã˜æ‰€å±,https://twitter.com/gaku_fushimi
32,1164789009001766912,QuizKnock Games/ã‚¯ã‚¤ã‚ºãƒãƒƒã‚¯ã‚²ãƒ¼ãƒ ã‚ºã€å…¬å¼ã€‘,https://twitter.com/QuizKnockGames
7,1178649555107139585,ãŠã€œã„ãŠèŒ¶ãã‚“ã€å…¬å¼ã€‘,https://twitter.com/oiochakun
8,1009734224369221632,é·¹å®®ãƒªã‚ªãƒ³ğŸ¦…,https://twitter.com/TakamiyaRion
8,903338594,è… ç¾©å‰,https://twitter.com/sugawitter
25,711566763788357634,ã§ã‚“ãŒã‚“ ğŸ®,https://twitter.com/dengan875
8,2803477274,åŠä¸»,https://twitter.com/bozu_108
6,1342817088218402816,ã‚ã‚ã¿ãƒ¼(QuizKnock),https://twitter.com/amemy_qk
7,1248865404941791232,ã‚ã‚‰ãªã‚‹ã‚ã„å…¬å¼,https://twitter.com/aranarumey_info
9,1934010613,ã‚¢ãƒ‹ãƒ¡ã€Œãƒã‚¤ã‚­ãƒ¥ãƒ¼!!ã€,https://twitter.com/animehaikyu_com
6,1085677467551948800,ç«‹èŠ±æ…ä¹‹ä»‹,https://twitter.com/REAL_1978_TS
6,1190490098510336005,ã¡ãƒ¼ã®@æˆ‘ã€…ã ,https://twitter.com/C1no_wrwrd
6,5921162,ãƒ•ã‚¡ãƒŸé€š.com,https://twitter.com/famitsu
13,2507536920,ãƒ³ãƒ€ãƒ›ã€Fischer'sã€‘,https://twitter.com/ndahoFischers
6,1347521688599027714,ã„ãšã¡ã‚ƒã‚“ã­ã‚‹,https://twitter.com/rSem2525
6,994984072647593984,éˆ´æœ¨å‹â˜ªï¸ã«ã˜ã•ã‚“ã˜,https://twitter.com/Darkness_Eater
7,271859211,ZIP! æ—¥ãƒ†ãƒ¬,https://twitter.com/ZIP_TV
9,224660540,æ­¦äº•å£®,https://twitter.com/sosotakei
6,800352876,æ —ç”°ã‚ãã‚Š,https://twitter.com/kurita_aguri
7,1028458841871007744,ç”ºç”°ã¡ã¾ğŸ¹ã¾ã¡ãŸã¡ã¾,https://twitter.com/chima_machita23
16,965760241169088512,è‘›è‘‰,https://twitter.com/Vamp_Kuzu
7,354947693,ãƒãƒƒã‚­ãƒ¼,https://twitter.com/Pocky_Sweets
7,2598558025,é¬±å…ˆç”Ÿ50å·,https://twitter.com/utu072
13,1110711077468168192,ä¸‰ææ˜é‚£ğŸŒ¶,https://twitter.com/333akina
9,129202343,ãƒ’ãƒ¡ãƒ¦ãƒª,https://twitter.com/Himeyurrrrry
9,167733138,è’¼äº•ç¿”å¤ª,https://twitter.com/shouta0811aoi
14,1002342365695078401,ç¤¾ç¯‰ğŸ–¥,https://twitter.com/846kizuQ
10,973458588042633216,ã‚¢ãƒ™ãƒ¬ãƒ¼ã‚¸ âš–,https://twitter.com/Average_Virtual
10,822486799184314368,YouTubeè¿·ã‚³ãƒ¡ãƒ³ãƒˆé›†,https://twitter.com/YTMGS
15,1162557335316811776,ä¼Šè—¤ä¸ƒæµ·,https://twitter.com/nanaumi110
6,1113380705042620417,ãƒã‚¤ãƒ³ã‚¯ãƒ©ãƒ•ãƒˆ æ—¥æœ¬å…¬å¼ / Minecraft Japan,https://twitter.com/minecraftjapan
8,183645255,ãƒ•ã‚¸,https://twitter.com/fuji_saiore
8,727933959351324672,ã•ã¨ã¿ã•ã‚“,https://twitter.com/satomimi__
11,3091096428,King Gnu,https://twitter.com/KingGnu_JP
6,1297110770354753537,KnightA-é¨å£«A-,https://twitter.com/Knight_A_info
7,717628618906570752,ã‚¢ã‚µãƒ’é£²æ–™AsahiSoftDrinks,https://twitter.com/asahiinryo_jp
6,3036621878,ãƒ†ã‚ªãã‚“@å¹¸ã›è€…,https://twitter.com/teokun711
6,2335871349,ã‚«ãƒãŸã@CRAZE,https://twitter.com/takuya_hyon
14,856135825,å°é‡è³¢ç« ,https://twitter.com/ono_kensho
8,956417883164221440,æœ›æœˆã‚‚ã¡ã@2/18çŒ«æœ¬ã§ã‚‹,https://twitter.com/omoti194
9,191004170,ãƒ¦ãƒ‹ãƒãƒ¼ã‚µãƒ«ãƒ»ã‚¹ã‚¿ã‚¸ã‚ªãƒ»ã‚¸ãƒ£ãƒ‘ãƒ³å…¬å¼,https://twitter.com/USJ_Official
7,528563832,kakiã‚²ãƒ¼ãƒ ,https://twitter.com/kakisan116
13,1090060469606338561,Ayase,https://twitter.com/Ayase_0404
9,1076789563438166017,å¤©ï¨‘æ»‰å¹³ (å¤©å´æ»‰å¹³),https://twitter.com/amasakikohei
8,213550062,music station,https://twitter.com/Mst_com
6,2885889434,ã†ã‚ã‘ã‚“ğŸ¥›,https://twitter.com/umekenpp
6,253085057,ã˜ã‚“ï¼ 2æœˆ16æ—¥ã‚¢ãƒ«ãƒãƒ ã€ã‚¢ãƒ¬ã‚´ãƒªãƒ¼ã‚ºã€ç™ºå£²,https://twitter.com/jin_jin_suruyo
7,728397348850696194,ã‚­ãƒ£ãƒ©ãƒ¡ãƒ«ã‚³ãƒ¼ãƒ³ã€æ±ãƒãƒˆå…¬å¼ã€‘,https://twitter.com/CaramelCorn1971
6,77247019,ã¾ãŠ,https://twitter.com/maoppai
9,920289838602919936,æ±äº¬åãƒªãƒ™ãƒ³ã‚¸ãƒ£ãƒ¼ã‚ºã€å…¬å¼ã€‘,https://twitter.com/toman_official
6,729511126283657216,ãƒãƒ–å…¬å¼,https://twitter.com/bub_jp
7,1299255282321616898,ãµã˜ã¿ã‚„,https://twitter.com/fjmy_828
9,2737026049,Is / ã„ãš,https://twitter.com/isisis2525
8,4473079092,ã—ã‚“ãŸã‚ãƒ¼,https://twitter.com/Shintaro_Jinro
12,1034137905000636417,ã§ã³ã§ã³ãƒ»ã§ã³ã‚‹,https://twitter.com/debidebiru_sama
8,265205959,é¦–ç›¸å®˜é‚¸(ç½å®³ãƒ»å±æ©Ÿç®¡ç†æƒ…å ±),https://twitter.com/Kantei_Saigai
6,1074577629360021504,ã™ãå®¶ã€å…¬å¼ã€‘,https://twitter.com/sukiya_jp
10,1391371088534261768,å·ä¸Šè«’äºº,https://twitter.com/ry_kawakami
8,120250500,ãƒ•ãƒ¯ã¡ã‚ƒã‚“ FUWA,https://twitter.com/fuwa876
8,1342056191812227072,ç›´äº•,https://twitter.com/QK_Naoi
6,3690430214,After the Rain,https://twitter.com/ATR_info
7,218450187,ä½ƒç…®ã®ã‚ŠãŠ/çŠ¬å±±ãŸã¾ãğŸ¶ğŸ’™,https://twitter.com/norioo_
6,795284666995470336,ã‘ã‚“,https://twitter.com/nomorehole2
6,1420038728156729344,ãƒãƒ«(QuizKnock),https://twitter.com/hal_qk
6,725265957866901505,DAZN Japan,https://twitter.com/DAZN_JPN
7,2998461571,ãƒãƒ²â—‡2å·»ç™ºå£²ä¸­,https://twitter.com/esasi8794
6,1109751762733301760,çŒ«åˆãŠã‹ã‚†ğŸ™,https://twitter.com/nekomataokayu
21,155207733,èŠ±æ±Ÿ å¤æ¨¹,https://twitter.com/hanae0626
10,1409367400709984260,ãƒ¬ã‚ªã‚¹â€¢ãƒ´ã‚£ãƒ³ã‚»ãƒ³ãƒˆğŸ¥¼ğŸŒ±ğŸ˜ºã«ã˜ã•ã‚“ã˜,https://twitter.com/Leos_Vincent
7,978829424056397824,å†…ç”°é›„é¦¬å…¬å¼ã‚¢ã‚«ã‚¦ãƒ³ãƒˆ,https://twitter.com/yuma_u_official
15,91081573,ä¸€ç•ªãã˜ï¼ˆBANDAI SPIRITSï¼‰,https://twitter.com/ichibanKUJI
7,505960867,ãƒ”ã‚«ã‚¯ãƒ­ã‚¹,https://twitter.com/pikakurosu
6,2739846710,â˜ã‚‘ã‚€æ°ã€‚@ãƒ•ã‚©ãƒ¼ã‚¨ã‚¤ãƒˆ,https://twitter.com/Mk0104Sig
6,2762217426,ã‚³ãƒ,https://twitter.com/konegisukura
6,1085375212575571968,éƒ¡é“ç¾ç²ğŸ½æ´»å‹•3å‘¨å¹´,https://twitter.com/g9v9g_mirei
8,116548789,ç‰¹å‹™æ©Ÿé–¢NERV,https://twitter.com/UN_NERV
8,145227371,ãƒ¡ãƒ³ã‚¿ãƒªã‚¹ãƒˆDaiGo,https://twitter.com/Mentalist_DaiGo
14,1339136499216916480,çŒªä¿£ å¤§è¼,https://twitter.com/inomata_hiroki
18,1178872236351971328,YOASOBI,https://twitter.com/YOASOBI_staff
8,1430069827,ã‚ãƒ¼ã‚„,https://twitter.com/meiya_key
6,1105434920829120512,QUOã‚«ãƒ¼ãƒ‰Pay ï¼ˆã‚¯ã‚ªã¨ãƒšã‚¤ï¼‰,https://twitter.com/QUOcardPay
7,93140977,æ¡ƒï¼‹ï¼ˆã¨ãƒ¼ãŸã™ï¼‰ğŸ‘â•,https://twitter.com/totas0619
18,1020970696350916608,ãŠã£ã¦ãƒ(ãƒ¼)ã€ç©åˆ†ã‚µãƒ¼ã‚¯ãƒ«ã€‘,https://twitter.com/ot_integral
6,43041891,tenki.jp,https://twitter.com/tenkijp
134,958943678952648704,é ˆè² é§¿è²´,https://twitter.com/Sugai_Shunki
9,2595718380,åƒ•ã®ãƒ’ãƒ¼ãƒ­ãƒ¼ã‚¢ã‚«ãƒ‡ãƒŸã‚¢å…¬å¼,https://twitter.com/myheroacademia
9,1593801709,ãªãªæ¹–,https://twitter.com/osya_775
8,88846085,Yahoo!ãƒ‹ãƒ¥ãƒ¼ã‚¹,https://twitter.com/YahooNewsTopics
8,2691870948,ã‚­ãƒªãƒ³ä¸€ç•ªæ¾ã‚Šç”Ÿãƒ“ãƒ¼ãƒ«,https://twitter.com/ichiban_KIRIN
7,264763963,é–¢æ™ºä¸€ ï¼ˆãƒãƒ¼ãƒ•ãƒ»ã‚‰ã¼ã£ãŸãƒ¼ï¼‰,https://twitter.com/seki0908
6,4104111,åœ°éœ‡é€Ÿå ±,https://twitter.com/earthquake_jp
6,1299150935810162689,ãƒ¢ãƒ³ã‚¹ã‚¿ãƒ¼ãƒãƒ³ã‚¿ãƒ¼ãƒ©ã‚¤ã‚ºå…¬å¼,https://twitter.com/MH_Rise_JP
8,281544763,é«˜ç”°å¥å¿—,https://twitter.com/kakaka1216
120,732924494,ã“ã†ã¡ã‚ƒã‚“,https://twitter.com/Miracle_Fusion
6,315893211,å²©äº•å‹‡æ°— ãƒãƒ©ã‚¤ãƒ,https://twitter.com/iwaiyu_ki
11,1022844567735824384,æ¤åå”¯è¯ğŸ‘»,https://twitter.com/yuika_siina
6,1311287309493399555,ãƒãƒ£ãƒ³ã‚¤ã‚±ï¼ˆæ± ç”°å’Œè¨˜ï¼‰,https://twitter.com/quiz_bowling
22,104388107,æ²³é‡å¤ªéƒ,https://twitter.com/konotarogomame
19,89142182,ãƒ•ã‚¡ãƒŸãƒªãƒ¼ãƒãƒ¼ãƒˆ,https://twitter.com/famima_now
13,2854597802,ã‚†ã‚ã¾ã‚‹ã€æ±æµ·ã‚ªãƒ³ã‚¨ã‚¢ã€‘,https://twitter.com/TO_yumemarucas
6,368078659,ã‚ã»ã®ã•ã‹ãŸ,https://twitter.com/sakatansab
7,130426181,ã‚¸ãƒ§ãƒ¼ã‚¸ã‚¢,https://twitter.com/GEORGIA_JAPAN
7,166979009,ã¿ãã¨P,https://twitter.com/mikito_p_
8,2306106146,ã­ã‚ã¡ã‚ƒã‚“ ` Â´,https://twitter.com/ZackdNerrr
11,219968157,falcon,https://twitter.com/imadake398yen
7,249170474,ã‚ºã‚º,https://twitter.com/zetyou2
10,1141971886688989184,åŠ è³€ç¾ ãƒãƒ¤ãƒˆğŸ¢,https://twitter.com/H_KAGAMI2434
6,976588086481117184,ãªã¤ã‚ã•ã‚“ã¡â­•ï¸ğŸ¤,https://twitter.com/natsume_sanchi
10,2968069742,ã€å…¬å¼ã€‘Fate/Grand Order,https://twitter.com/fgoproject
6,1144558351788859393,ãƒ©ãƒˆãƒŠãƒ»ãƒ—ãƒ†ã‚£ğŸ»ğŸ’ï¼•æ—¥å¾©å¸°ã€Šã«ã˜ã•ã‚“ã˜æ‰€å±ã€‹,https://twitter.com/ratna_petit
10,1450093814891237377,å²¡æœ¬ä¿¡å½¦,https://twitter.com/ok_nobuhiko
7,111048816,YouTube Japan,https://twitter.com/YouTubeJapan
7,1247032696586436609,å²¸ç”°æ–‡é›„,https://twitter.com/kishida230
6,195775738,au,https://twitter.com/au_official
7,228799622,ã‚‚ã“ã†,https://twitter.com/mokouliszt
10,3089546354,ãªãªã‚‚ã‚Šã€‚ï¼ ã™ã¨ã·ã‚Š,https://twitter.com/love_nkun
9,2530340233,ãªãªã‚‚ã‚Šã€‚ï¼ ã™ã¨ã·ã‚ŠğŸ“,https://twitter.com/nanamorisan
7,1143824438040748032,ç›¸ç¾½ ã†ã„ã¯ ğŸ®ğŸ’(ã‚ã„ã°ã†ã„ã¯)@ã«ã˜ã•ã‚“ã˜,https://twitter.com/AibaUiha
7,1244548255913930761,é•·å°¾ æ™¯ â˜¯ï¸ã«ã˜ã•ã‚“ã˜â˜¯ï¸,https://twitter.com/kei_nagao2434
11,200406959,å³¶ï¨‘ä¿¡é•·(å³¶å´ä¿¡é•·),https://twitter.com/nobunaga_s
7,1363260224878956544,ãªã¤ã‚å…ˆç”Ÿ@ã‚µãƒ–å¢,https://twitter.com/sub_natsume
6,3268149966,ã‚ªã‚¹ãƒãƒ³@â—‹â—‹ã®ä¸»å½¹ã¯æˆ‘ã€…ã ï¼,https://twitter.com/OSSUOSSUMAN
6,969532990907826176,ã‚­ãƒ ãƒ†ã‚¹,https://twitter.com/kimuti_X
9,973149860474990592,ã“ã‚ã‚“ãã‚“@æ—¥å¸¸,https://twitter.com/colon56nhimitu
11,324391547,ã‚¢ãƒœã‚¬ãƒ‰6,https://twitter.com/avogado6
6,61655254,TSUTAYA,https://twitter.com/shop_TSUTAYA
7,1221657763954057217,ãƒ•ãƒ¬ãƒ³ãƒ»Eãƒ»ãƒ«ã‚¹ã‚¿ãƒªã‚ªğŸ 10/6 ã‚¢ãƒ«ãƒãƒ ç™ºå£²,https://twitter.com/furen_2434
6,1211893214451421185,ã‚ªã‚°ãƒ©ã‚µãƒˆã‚·,https://twitter.com/qk_ogura
8,174056039,ãƒŸã‚¹ã‚¿ãƒ¼ãƒ‰ãƒ¼ãƒŠãƒ„,https://twitter.com/misterdonut_jp
6,2586996049,ã‚­ãƒƒãƒˆã‚«ãƒƒãƒˆ,https://twitter.com/KITKATJapan
6,1414419155881627649,ã‚ªãƒªãƒãƒ¼ãƒ»ã‚¨ãƒãƒ³ã‚¹,https://twitter.com/oliverD_23
10,2942676985,ã‚«ãƒ³ã‚¿ï¼ˆæ°´æºœã‚Šãƒœãƒ³ãƒ‰ï¼‰,https://twitter.com/kantamizutamari
8,69496975,ã—ãã‚Œã†ã„ğŸŒ‚,https://twitter.com/ui_shig
9,3789057558,åœŸå² éš¼ä¸€,https://twitter.com/tokishunichi
9,538665604,ä½è—¤äºŒæœ—,https://twitter.com/actor_satojiro
7,991344914112823296,ã¯ã˜ã‚ã—ã‚ƒã¡ã‚‡ãƒ¼ã®ç•‘,https://twitter.com/hajimesyachoHTK
6,393339671,ã‚¬ã‚¹ãƒˆã€å…¬å¼ã€‘,https://twitter.com/gusto_official
6,2316574981,Galaxy Mobile Japan,https://twitter.com/GalaxyMobileJP
19,925751113885745152,Shiga Reita å¿—è³€ç²å¤ª,https://twitter.com/Petzvaled
6,1143380343384236032,ã€å…¬å¼ã€‘ã‚·ãƒ£ã‚¦ã‚¨ãƒƒã‚»ãƒ³,https://twitter.com/schauessen_nh
9,3303023652,ã“ã‚ã‚“ãã‚“@ã™ã¨ã·ã‚Š,https://twitter.com/Colon56Nsab
7,313812206,ã¶ã‚“ã‘ã„,https://twitter.com/bunkei_tk
6,989407367962939393,from ARGONAVISï¼ˆãƒ•ãƒ­ãƒ  ã‚¢ãƒ«ã‚´ãƒŠãƒ“ã‚¹ï¼‰å…¬å¼,https://twitter.com/ARGONAVIS_info
7,323091128,ãƒã‚±ãƒ¢ãƒ³å…¬å¼ãƒ„ã‚¤ãƒƒã‚¿ãƒ¼,https://twitter.com/Pokemon_cojp
12,769070659943235584,ã‚¦ãƒå¨˜ãƒ—ãƒ­ã‚¸ã‚§ã‚¯ãƒˆå…¬å¼ã‚¢ã‚«ã‚¦ãƒ³ãƒˆ,https://twitter.com/uma_musu
8,723123027655819265,ã€Œãƒ•ã‚¡ãƒ³ã‚¿ã‚¹ãƒ†ã‚£ãƒƒã‚¯ãƒ»ãƒ“ãƒ¼ã‚¹ãƒˆã€å…¬å¼,https://twitter.com/wizardingw_jp
6,122053352,ã‚¹ãƒŠãƒ‘ã‚¤,https://twitter.com/snapaaai
11,1396750807131848715,æ±è¨€,https://twitter.com/Gon_Higashi
8,1099996270947528704,ã‚¢ãƒ³ã‚¸ãƒ¥ãƒ»ã‚«ãƒˆãƒªãƒ¼ãƒŠâš–æœ¬æ—¥22æ™‚ / ã‚„ã‚ã‚‰ã‹ã‚ãŸã¾å¡¾,https://twitter.com/Ange_Katrina_
7,1024591508345741312,Toshiki Masuda / å¢—ç”° ä¿Šæ¨¹,https://twitter.com/ToshikiMasuda38
9,1342876115228971014,ä¸­é‡ã‚ã‚‹ã¾ğŸ§¸ğŸ«ã‚µãƒ–å¢,https://twitter.com/nakanoalma0
6,914665872450449408,å €æ±Ÿç¬ï¼ˆã»ã‚Šãˆã—ã‚…ã‚“ï¼‰ğŸ’®,https://twitter.com/holy_yell0525
14,2929136138,Ado,https://twitter.com/ado1024imokenp
16,17306975,ãƒ©ã‚¤ãƒ–ãƒ‰ã‚¢ãƒ‹ãƒ¥ãƒ¼ã‚¹,https://twitter.com/livedoornews
6,1321270659360550913,ã‚½ãƒ•ãƒ­ãƒ¬ãƒªã‚¢,https://twitter.com/Soph_qk
6,1667551915,ã‚ã‚‰ãâ©,https://twitter.com/axiz_and_nico
10,1434915670492266496,éŸ¿å¹³,https://twitter.com/QK_kyohei
10,543187543,è¥¿å±±å®å¤ªæœ—,https://twitter.com/Koutarotaro
6,253021888,ãƒŸãƒ‹ã‚¹ãƒˆãƒƒãƒ—å…¬å¼ã‚¢ã‚«ã‚¦ãƒ³ãƒˆ,https://twitter.com/ministop_fan
6,1189903973316100101,è—¤ç™½ã‚Šã‚Š,https://twitter.com/medicalriri
9,1018783794,ã¯ãŸã•ã“ğŸš©ğŸ¦Š,https://twitter.com/hatasako_flag
6,523136880,å°‘å¹´Tï¼ä½é¦™æ™ºä¹…,https://twitter.com/syounen_t_sako
45,130447415,HIKAKINğŸ˜ãƒ’ã‚«ã‚­ãƒ³ ã€YouTuberã€‘,https://twitter.com/hikakin
6,1296653470510923776,è‘›è‘‰ãƒ¬ã‚ª,https://twitter.com/Vllexceed
10,4294863146,ã‚¹ãƒã‚¤ãƒªãƒ¼ğŸ˜‰,https://twitter.com/yasuner1103
7,196519914,æ¦æœ¨æ·³å¼¥,https://twitter.com/enojunjunjun
13,423644055,ãƒªãƒ¥ã‚¦ã‚¸@æ–™ç†ã®ãŠã«ã„ã•ã‚“ãƒã‚ºãƒ¬ã‚·ãƒ”,https://twitter.com/ore825
10,97587976,æ´¥ç”°å¥æ¬¡éƒ KENJIRO TSUDA,https://twitter.com/tsuda_ken
6,796251890908434432,ãƒã‚¹ã‚«ãƒ•ã‚§(NESCAFÃ‰),https://twitter.com/Nescafe_jp
10,819264097,ãƒã‚¤ã‚­ãƒ¥ãƒ¼!!.com,https://twitter.com/haikyu_com
9,1131496563669229568,ãƒ‹ãƒˆãƒ­çˆ†å¼¾,https://twitter.com/TO_NITOROBOMB
6,3049693046,å…ˆç«¯ææ€–ç—‡@ã‚µãƒ–ã‚¢ã‚«,https://twitter.com/sentan2525
9,1315888376,HIRO,https://twitter.com/GORO_MEME
6,958767484902957056,å‹‡æ°— ã¡ã²ã‚ğŸ€ğŸ’™,https://twitter.com/Chihiro_yuki23
7,147051225,ç²—å“ï¼ˆéœœé™ã‚Šæ˜æ˜Ÿï¼‰,https://twitter.com/soshina3
6,4727798066,ã—ã‚…ã†,https://twitter.com/shussyussyu
8,561669474,ã‚¢ã‚µãƒ’ãƒ“ãƒ¼ãƒ« ASAHIBEER,https://twitter.com/asahibeer_jp
8,1248548632317460480,å‰é‡æ™ºæ˜­,https://twitter.com/Tomoaki___Maeno
8,1090564648795963392,ãƒã‚³(Makoto Kobori),https://twitter.com/mako77_77
10,2489628272,äº•å£ç†,https://twitter.com/Satoru_191
6,183640212,ãƒ’ãƒ©,https://twitter.com/hira_saiore
10,102001821,æœ¨æ‘æ˜´,https://twitter.com/GiantSUBAru
15,970692564096499712,å‰£æŒåˆ€ä¹Ÿâš”ï¸ã«ã˜ã•ã‚“ã˜,https://twitter.com/rei_Toya_rei
6,245677083,æ©‹ä¸‹å¾¹,https://twitter.com/hashimoto_lo
11,1193514650723241985,âˆ«ã‚‹ã‚“ã¨ã†ğŸ“¡dx,https://twitter.com/lunto_integral
7,1289884632637349888,è¥¿åœ’ãƒã‚°ã‚µğŸ¬ğŸŒ±,https://twitter.com/Chigusa_24zono
7,880048640261201921,ã–ã“ã‚‚ã‚Šã¡ã‚ƒã‚“,https://twitter.com/nanamorinyan
243,778927219422797824,QuizKnock/ã‚¯ã‚¤ã‚ºãƒãƒƒã‚¯,https://twitter.com/QuizKnock
7,137682023,æ˜Ÿé‡æº Gen Hoshino,https://twitter.com/gen_senden
8,897027563725365248,ã‚·ãƒ£ãƒˆãƒ¬ãƒ¼ã‚¼ã€å…¬å¼ã€‘,https://twitter.com/chateraise_jp
14,1355525189740584965,ã®ãˆã‚Šã‚“,https://twitter.com/8_308_3
10,33290455,DECO*27,https://twitter.com/DECO27
6,2522040290,ä¼Šè—¤æ²™è‰,https://twitter.com/SaiRi_iTo
6,916561014706937856,ã‚¾ãƒ @æˆ‘ã€…ã ,https://twitter.com/wrwrdzom
11,1003730852,Fischer's-ãƒ•ã‚£ãƒƒã‚·ãƒ£ãƒ¼ã‚º,https://twitter.com/FischersHome
8,1366573606549942277,TBSã€ãƒ©ã‚¦ã‚™ã‚£ãƒƒãƒˆï¼ã€,https://twitter.com/tbs_loveit
9,4093157479,ã‚¸ã‚§ãƒ«@ã™ã¨ã·ã‚Š,https://twitter.com/Jel__official
15,988101299106267138,å¶@ã«ã˜ã•ã‚“ã˜,https://twitter.com/Kanae_2434
11,1387334238224064524,æ²³é‡ã‚†ã‹ã‚Š,https://twitter.com/yukarikohno
13,119076814,æ‰ç”°æ™ºå’Œ/ã‚¢ã‚¸ãƒ«ã‚¹,https://twitter.com/sugitaLOV
10,83495654,ã‚„ã—ã‚ã‚ãšã@æ–°æ›¸ç™ºå£²ä¸­,https://twitter.com/yashi09
7,1109593609928507393,ä»™äººã®GEN@ãƒã‚²ãƒ¼ãƒ©ãƒ³ã‚¹,https://twitter.com/hagenogendesu
8,2908701589,ã—ã‚ã¾ã‚“ãŸ,https://twitter.com/shiromanta1020
8,134453022,ğŸ¤®GeroğŸ¤®,https://twitter.com/Gero2525
18,2422224330,æ²³é‡ç„æ–—,https://twitter.com/gengen_36
6,1090846890814365696,æ˜æ²» ã‚¨ãƒƒã‚»ãƒ« ã‚¹ãƒ¼ãƒ‘ãƒ¼ã‚«ãƒƒãƒ—ã€å…¬å¼ã€‘,https://twitter.com/essel_sweets
6,953658313832415232,éˆ´æœ¨ç¦,https://twitter.com/Suzuki_Fuku_TE
6,791900053044506624,å¯ºå³¶ãã‚“ã®ã‚¢ã‚«ã‚¦ãƒ³ãƒˆ@ãƒ†ã‚ªãƒ•ã‚¡ãƒŸ,https://twitter.com/teokun7117
8,101772216,å¼Ÿè€…,https://twitter.com/Otojya
6,1273850074280255488,äºŒãƒå›½ï¼šCross Worldså…¬å¼,https://twitter.com/NinoKuniCW
6,1006870380512870400,ã˜ã‚ƒãŒã‚Šã“ã€å…¬å¼ã€‘,https://twitter.com/jagarico_cp
6,1000324666697728000,ã‚·ã‚¹ã‚¿ãƒ¼ãƒ»ã‚¯ãƒ¬ã‚¢ğŸ””,https://twitter.com/SisterCleaire
8,2829109268,äº€ç”°ã®æŸ¿ã®ç¨®ï¼ˆå…¬å¼ï¼‰,https://twitter.com/kameda_kakitane
16,2272511066,ã¨ã—ã¿ã¤ã€æ±æµ·ã‚ªãƒ³ã‚¨ã‚¢ã€‘1/23æ–°å®¿ãƒ¯ãƒ³ãƒãƒ³LIVEãƒãƒ³,https://twitter.com/TO_TOSHIMITSU
9,2673761042,ã‚¹ã‚·ãƒ­ãƒ¼,https://twitter.com/akindosushiroco
6,2762836285,ã‚·ãƒ£ã‚ªãƒ­ãƒ³,https://twitter.com/shao_banbitan
6,861436447856906240,ã§ã‚“ã ãŒã‚“ã©ã†,https://twitter.com/dendagando
6,2796127795,ãƒˆãƒ³ãƒˆãƒ³ï¼ ä¸€èˆ¬è¦–è´è€…ã‚ªã‚¿ã‚¯,https://twitter.com/ton_ton1945
16,2272500216,ã‚Šã‚‡ã†ã€æ±æµ·ã‚ªãƒ³ã‚¨ã‚¢ã€‘,https://twitter.com/TO_RYOO
7,2737034252,ä»²æ‘ å®—æ‚Ÿ,https://twitter.com/ShugoAbc
8,95207674,ORICON NEWSï¼ˆã‚ªãƒªã‚³ãƒ³ãƒ‹ãƒ¥ãƒ¼ã‚¹ï¼‰,https://twitter.com/oricon
9,4825664978,ç™½äº•æ‚ ä»‹,https://twitter.com/shirai_universe
7,966214959251079168,ã¯ã¾å¯¿å¸ã€å…¬å¼ã€‘,https://twitter.com/hamasushi_jp
7,1163746138731585537,ã‚¢ãƒ‹ãƒ¡ã€Œãƒã‚±ãƒƒãƒˆãƒ¢ãƒ³ã‚¹ã‚¿ãƒ¼ã€å…¬å¼,https://twitter.com/anipoke_PR
6,1232950231722938368,ãã‚ŒSnow Manã«ã‚„ã‚‰ã›ã¦ä¸‹ã•ã„,https://twitter.com/sore_snowman
8,456303228,ãªã‚‹ã›ğŸ¥,https://twitter.com/nqrse
6,762652116716363780,ãƒ­ãƒœãƒ­(å¤©ã®å£°),https://twitter.com/roboro_heaven
8,341979193,ç„¡æ·»ãã‚‰å¯¿å¸ã€å…¬å¼ã€‘,https://twitter.com/mutenkurasushi
7,1391645372452245509,Johnny & Associates,https://twitter.com/johnnys
6,1701331939,ã‚ã£ãã‚ƒã„,https://twitter.com/wildkumada
13,2309594587,è‘‰ä¸€/ã¯ã„ã¡ğŸ€ã¨ã‚ã‚‹ç”·ãŒæˆæ¥­ã‚’ã—ã¦ã¿ãŸğŸ€æ¬¡å›ã®è‡ªç¿’å®¤ã¯æœªå®šã§ã™ï¼æ±ºã¾ã‚Šæ¬¡ç¬¬é€£çµ¡ã—ã¾ã™ï¼,https://twitter.com/haichi_toaru
6,897071463915692033,ãƒ’ã‚«ãƒƒã‚¯ã‚²ãƒ¼ãƒ ã‚º,https://twitter.com/hikacgames
6,955991147993751553,ã€å…¬å¼ã€‘æ¾å±‹,https://twitter.com/matsuya_foods
6,149481831,ï¼ å°è±†,https://twitter.com/azukin_toki
9,131742114,åƒé³¥ãƒãƒ–,https://twitter.com/NOBCHIDORI
6,1946822772,ã‚³ã‚¦ã‚¤ãƒ,https://twitter.com/ko1529
15,1335850917258641409,ã‚¹ã‚¿ã‚¸ã‚ªã‚¸ãƒ–ãƒª STUDIO GHIBLI,https://twitter.com/JP_GHIBLI
12,1167661570756792320,ã‚ã‚“ã•ã‚“ã¶ã‚‹ã‚¹ã‚¿ãƒ¼ã‚ºï¼ï¼Musicã€å…¬å¼ã€‘,https://twitter.com/enstars_music
16,964000404,ã‚·ãƒ«ã‚¯ãƒ­ãƒ¼ãƒ‰ã€Fischer'sã€‘,https://twitter.com/RytoSle2
6,404759173,LINE,https://twitter.com/LINEjp_official
7,929244857054281729,ãƒ–ãƒ¬ã‚¤ã‚¯ã‚¹ãƒ«ãƒ¼ä½ã€…æœ¨,https://twitter.com/BreakthroughSSK
6,791537005981163520,ã€å…¬å¼ã€‘#ã‚³ãƒ³ãƒ‘ã‚¹ æˆ¦é—˜æ‘‚ç†è§£æã‚·ã‚¹ãƒ†ãƒ ,https://twitter.com/cps_niconico
14,1067021869805559809,ã€å…¬å¼ã€‘ãƒ‡ã‚£ã‚ºãƒ‹ãƒ¼ ãƒ„ã‚¤ã‚¹ãƒ†ãƒƒãƒ‰ãƒ¯ãƒ³ãƒ€ãƒ¼ãƒ©ãƒ³ãƒ‰,https://twitter.com/twst_jp
8,740071530302836740,åºƒç€¬ã‚¢ãƒªã‚¹,https://twitter.com/Alice1211_Mg
7,102087006,ã¡ã‚ƒã’ã½ã‚ˆã€‚âœ¿2/11 æœ—èª­åŠ‡ã€éˆ´ã®éŸ³ã®ãƒ•ã‚¡ãƒ³ãƒ¬ã‚¿ãƒ¼ã€,https://twitter.com/chagenabe
13,3279668144,å¹¾ç”° ã‚Šã‚‰,https://twitter.com/ikutalilas
105,1111604531039596544,å±±ä¸Šå¤§å–œ,https://twitter.com/yamagamiQuiz
7,106343759,æ ªå¼ä¼šç¤¾ã‚¢ãƒ‹ãƒ¡ã‚¤ãƒˆ,https://twitter.com/animateinfo
9,1368490754578948096,ãƒ‰åè¦‹bot,https://twitter.com/DohenkenBot
6,4476111980,Pä¸¸æ§˜ã€‚ã®ã‚µãƒ´ğŸ£ğŸ³,https://twitter.com/p_sabu_maru
6,983316818818248707,ã€ç´„æŸã®ãƒãƒãƒ¼ãƒ©ãƒ³ãƒ‰ã€å…¬å¼,https://twitter.com/yakuneba_staff
7,106996737,ã‚»ãƒ³ãƒ©@æµ¦å³¶å‚ç”°èˆ¹,https://twitter.com/sen_sen_sen_sen
6,19409571,ãƒ†ãƒ©ã‚¾ãƒ¼,https://twitter.com/terazo
13,1570086542,ä¸­å·ç¿”å­ğŸ¯,https://twitter.com/shoko55mmts
10,1311649939697537024,ãƒŠã‚¦ãƒ«å…±å’Œå›½æ”¿åºœè¦³å…‰å±€ï¼ˆå…¬å¼ï¼‰,https://twitter.com/nauru_japan
14,276033275,æ±Ÿå£æ‹“ä¹Ÿï¼ˆãˆãã¡ãŸãã‚„ï¼‰,https://twitter.com/egutakuya
7,987311803704139776,ã ã‚‹ã¾ã„ãšã”ã£ã©,https://twitter.com/darumaisgod
9,3969691152,åƒ•ã®ãƒ’ãƒ¼ãƒ­ãƒ¼ã‚¢ã‚«ãƒ‡ãƒŸã‚¢ ãƒ’ãƒ­ã‚¢ã‚«ã‚¢ãƒ‹ãƒ¡å…¬å¼,https://twitter.com/heroaca_anime
100,791261566058369024,é¶´å´ ä¿®åŠŸ,https://twitter.com/Tsurusaki_H
7,1111054633563123712,ãƒãƒ¼ãƒ  ã‚³ã‚«ï½¥ã‚³ãƒ¼ãƒ©,https://twitter.com/TEAMCocaCola
14,1227933728,ã‹ã‚‰ã‚ã‚‹,https://twitter.com/purinharumaki
7,2373589484,æ¾æœ¬ã²ã§å‰,https://twitter.com/hidekiccan
6,3425010312,ã‚†ãã‚Šã¬âœŒğŸ»ğŸŒ·,https://twitter.com/yukirin_u
17,799629701601837056,é¬¼æ»…ã®åˆƒå…¬å¼,https://twitter.com/kimetsu_off
11,285630596,æœ¨æ‘è‰¯å¹³,https://twitter.com/Ryouhey_Drunk
7,1050192071158452224,PayPayæ ªå¼ä¼šç¤¾,https://twitter.com/PayPayOfficial
10,1362387264412606468,ã„ã–ã‚ãƒ»ãµãã‚‰ã®è§£ã‘ã°è§£ãã»ã©è³¢ããªã‚‹ã‚¯ã‚¤ã‚º,https://twitter.com/kashikokunaruq
16,2377035565,æ©‹æœ¬ç’°å¥ˆ,https://twitter.com/H_KANNA_0203
6,3321902228,ã¾ã²ã¨ãã‚“ ã€‚Ü¤@é¨å£«A,https://twitter.com/bacuwa
6,148307577,M-1ã‚°ãƒ©ãƒ³ãƒ—ãƒª,https://twitter.com/M1GRANDPRIX
8,1668249252,EXIT å…¼è¿‘,https://twitter.com/kanechi_monster
6,416867735,ãƒ©ã‚¤ãƒãƒ­ãƒª,https://twitter.com/raibarori
6,309628515,Ponta,https://twitter.com/Ponta
12,983917124648255490,2ã¡ã‚ƒã‚“ã­ã‚‹è¿·è¨€é›†,https://twitter.com/mg2b5
6,66632516,ã‚³ã‚«ï½¥ã‚³ãƒ¼ãƒ©,https://twitter.com/CocaColaJapan
6,188539961,ããã¡ã‚†ã†ã,https://twitter.com/yuukikikuchi
7,706495179004317696,ãƒ•ã‚¡ãƒƒã‚·ãƒ§ãƒ³ã‚»ãƒ³ã‚¿ãƒ¼ã—ã¾ã‚€ã‚‰,https://twitter.com/shimamura_gr
7,977057458903425024,é»’å·ã‚¯ãƒ­ãƒ âšœï¸,https://twitter.com/DirtyCrepe
6,79159050,ãƒ—ãƒ¬ã‚¤ã‚¹ãƒ†ãƒ¼ã‚·ãƒ§ãƒ³å…¬å¼,https://twitter.com/PlayStation_jp
8,1245545640626536449,å£°å„ªã¨å¤œã‚ãã³ï¼ ABEMA(ã‚¢ãƒ™ãƒ),https://twitter.com/yoasobi_ABEMA
9,1244433641251336192,ç”²æ–ç”° æ™´ ğŸŒ,https://twitter.com/Kaida_Haru
7,2793976860,Testosterone,https://twitter.com/badassceo
16,950967576980422657,ã«ã˜ã•ã‚“ã˜å…¬å¼ğŸŒˆğŸ•’,https://twitter.com/nijisanji_app
15,2920764931,æ°´ä¸Šé¢¯,https://twitter.com/sou_mizukami
12,882075658645417985,ãƒ€ãƒ¼ãƒã€Fischer'sã€‘,https://twitter.com/M2DAMA
6,815406679642677248,ãƒãƒ‚ã‚«ãƒ«ãƒ©ãƒ–ãƒªãƒ¼ é‡ç”°ã‚¯ãƒªã‚¹ã‚¿ãƒ«,https://twitter.com/nodacry
9,3307638084,ãªã¤ã‚å…ˆç”Ÿ,https://twitter.com/soncassooon
6,269245634,ã¨ã‚Šã£ã´ãƒ,https://twitter.com/taruu21
12,125002121,å®‰å…ƒæ´‹è²´ HIROKI YASUMOTO,https://twitter.com/__yasumoto__
151,1257180002,ä¼Šæ²¢æ‹“å¸,https://twitter.com/tax_i_
18,997497653549088768,âˆ« ã™ã‚“ Î£Ï…Î½ dxğŸ‹ğŸ‹ğŸ‹ ã¯ã…ã‚“sometimesã¯ãã‚“ 'AÏ…Î½ with Bose,https://twitter.com/sun_sekibun
6,1436270760708898822,LEOã®éŠã³å ´ã€å±±ç”°æ¶¼ä»‹ã€‘,https://twitter.com/room_leo_info
6,920121125824114688,å®®é‡çœŸå®ˆå…¬å¼,https://twitter.com/miyanomamoru_PR
10,161219477,ãƒ¬ãƒˆãƒ«ãƒˆ,https://twitter.com/retokani
11,371675757,æµªå·å¤§è¼”,https://twitter.com/namidai0402
6,125646716,NTTãƒ‰ã‚³ãƒ¢,https://twitter.com/docomo
11,3004391053,Pä¸¸æ§˜ã€‚ğŸ£ğŸ³,https://twitter.com/p_ma_ru
6,1075708405363421184,ã€å…¬å¼ã€‘ã‚¢ãƒ‹ãƒ¡ã€Œã‚ã‚“ã•ã‚“ã¶ã‚‹ã‚¹ã‚¿ãƒ¼ã‚ºï¼ï¼-Road to Show!!-ã€,https://twitter.com/stars_animation
6,4646222472,ã‚³ã‚³ã‚¹ã€å…¬å¼ã€‘,https://twitter.com/cocos_campaign
7,3509617752,å››åƒé ­èº« å¾Œè—¤æ‹“å®Ÿ,https://twitter.com/paiyu2
27,883876370698256384,ç ‚å·ä¿¡å“‰,https://twitter.com/sngw22
9,107105863,ç‰›æ²¢,https://twitter.com/ushizawa
7,1034806891803635712,ã‚¸ã‚§ãƒ«,https://twitter.com/jel_subsub
6,2331794438,è¶³æ¹¯ğŸ‘£â™¨ï¸,https://twitter.com/asiyu210
6,1146300489832837125,å¤©å®®ã“ã“ã‚ğŸ,https://twitter.com/amamiya_kokoro
6,4788890402,æ°¸é‡èŠ½éƒ,https://twitter.com/mei_nagano0924
6,2232748813,UUUM,https://twitter.com/uuum_news
8,1374183712309481478,å›½åˆ†å¤ªä¸€,https://twitter.com/tokioinc_taichi
13,87027640,ã²ã‚ã‚†ã Hiroyuki Nishimura,https://twitter.com/hirox246
6,882789714201198592,æ‚ æœ¨ç¢§ã€å…¬å¼ã€‘,https://twitter.com/staff_aoi
10,2613133640,ZAKAO ã€Fischer'sã€‘,https://twitter.com/fischerszakao
9,1470044868588507136,ã©ã†ã„ã†çŠ¶æ³ã‚„ã­ã‚“bot,https://twitter.com/LIKELIKE_OLDMEN
7,1034345063432650752,ã‚¸ãƒ§ãƒ¼ãƒ»åŠ›ä¸€ğŸ¤¡ğŸˆ ã«ã˜ã•ã‚“ã˜,https://twitter.com/JoeRikiichi
7,870196197767626753,ä¸¸äº€è£½éººã€å…¬å¼ã€‘,https://twitter.com/UdonMarugame
8,128631478,ã‹ã„ã‚Šããƒ™ã‚¢,https://twitter.com/kairiki_bear
16,2272593702,è™«çœ¼é¡ã€æ±æµ·ã‚ªãƒ³ã‚¨ã‚¢ã€‘,https://twitter.com/TO_ZAWAKUN
6,4344085399,èˆå°ã€åˆ€å‰£ä¹±èˆã€å…¬å¼,https://twitter.com/stage_touken
7,1453626231765696515,ã¾ã‚†ãƒã‚­,https://twitter.com/MayuNeki2525
6,301182083,ãƒ‹ãƒãƒ¬ã‚¤ãƒ•ãƒ¼ã‚ºã€å…¬å¼ã€‘,https://twitter.com/nichirei_foods
8,936026017461780480,ã‚„ã‚ˆã„è»’ï¼ˆå…¬å¼ï¼‰,https://twitter.com/yayoiken_com
6,2803147026,ãªã‹ã®ã£ã¡ğŸ’@YouTuber,https://twitter.com/nakanocchi2
6,2805040110,ï¼ªãƒªãƒ¼ã‚°ï¼ˆæ—¥æœ¬ãƒ—ãƒ­ã‚µãƒƒã‚«ãƒ¼ãƒªãƒ¼ã‚°ï¼‰,https://twitter.com/J_League
8,1172478094017302528,å®®åŸä»,https://twitter.com/jin_quizknock
8,49379814,å¿—éº»@æµ¦å³¶å‚ç”°èˆ¹â™”,https://twitter.com/shima_s2
8,1042756119616094208,ã‹ã“ã¡ã‚“ğŸ¥ğŸ“,https://twitter.com/ymnkk38
12,94322333,å¤©æœˆ-ã‚ã¾ã¤ã-,https://twitter.com/_amatsuki_
8,115123543,ãŸã‘ã‰,https://twitter.com/teamfranktakeo
9,3163966332,ã‚‹ã…ã¨@ã™ã¨ã·ã‚Š,https://twitter.com/root_nico
9,724067031297851392,æ¥µä¸Šã®ã‚¹ã‚¤ãƒ¼ãƒ„,https://twitter.com/sweetroad5
6,209576618,ç”°ä¸­å°†å¤§/MASAHIRO TANAKA,https://twitter.com/t_masahiro18
6,83810766,å°è¥¿ å¯›æ˜ / HYBRID SENSE,https://twitter.com/HYBRID_SENSE
11,1064317162028822528,ã‚‚ãµã‚‚ãµå‹•ç”»,https://twitter.com/tyomateee2
7,1368809241310466049,ã€å…¬å¼ã€‘ãƒ—ãƒ­ã‚¸ã‚§ã‚¯ãƒˆãƒãƒƒãƒãƒ£ãƒ,https://twitter.com/prj_pochama
13,2582637362,å €è¶Šè€•å¹³,https://twitter.com/horikoshiko
12,871373481929195522,ãŸã£ã¤ãƒ¼ğŸ,https://twitter.com/tattsuu_int
6,993690881818427392,ã€å…¬å¼ã€‘IdentityV ç¬¬äº”äººæ ¼,https://twitter.com/IdentityVJP
7,91010321,ãƒ¦ãƒ‹ã‚¯ãƒ­,https://twitter.com/UNIQLO_JP
7,167110445,ä¸€æ™ºå’Œæ™ºãƒãƒ¼ã‚µã‚¹ã‚¢ãƒ¼ã‚¹ç¶šç·¨æ›´æ–°ä¸­,https://twitter.com/burningblossom
9,200965355,æ¡œäº• æ”¿åš / Masahiro Sakurai,https://twitter.com/Sora_Sakurai
9,1001237206445379584,ãƒ—ãƒ†ãƒ©ãŸã‹ã¯ã—ğŸ¦•,https://twitter.com/ptehashi
7,852174673781641216,å‹•ç‰©ãƒ»ç™’ã—bot ğŸ¾,https://twitter.com/animal_iyashl
7,4717712652,â™¦ï¸Chinozoâ™¦ï¸,https://twitter.com/chinozo_
6,45085622,ã‚ªãƒ¢ã‚³ãƒ­,https://twitter.com/omocoro
8,1184071904245583874,æ˜Ÿå·ã‚µãƒ©ğŸŒŸSara Hoshikawa,https://twitter.com/Sara_Hoshikawa
8,2583889620,æ³¡æ²«(ã†ãŸã‹ãŸ),https://twitter.com/utakatao0
14,997758565375918080,ã•ã‚‹ãˆã‚‹ğŸ§,https://twitter.com/sarrouel_intera
8,183461542,maÅ¸UkoğŸ¥¨ğŸˆï¼ 1/20&1/23 TRPG,https://twitter.com/mayuko2525
11,1447786041973227525,å‹ç”°ã‚ŠãŠ,https://twitter.com/rio_shoda
8,162737957,èµ¤é«ªã®ã¨ã‚‚ğŸ’â˜ºï¸,https://twitter.com/tomo0723sw
10,3255473401,ABEMA(ã‚¢ãƒ™ãƒ),https://twitter.com/ABEMA
9,958737597336928256,æœˆãƒç¾å…ğŸ°,https://twitter.com/MitoTsukino
6,717641026832207872,ç´…èŒ¶èŠ±ä¼ ã“ã ã‚ã‚ŠTEAHOUSE,https://twitter.com/KOCHAKADEN_1992
6,4545124574,ã‚ãã‚Šã‚ºãƒ å…¬å¼,https://twitter.com/megrhythm_kao
8,1452795571618476032,çŸ³å·ç•Œäºº,https://twitter.com/ish_kaito
9,3228043340,ã‚«ãƒƒãƒ—ãƒŒãƒ¼ãƒ‰ãƒ«,https://twitter.com/cupnoodle_jp
18,1034988269920866304,Yoshida(QuizKnock),https://twitter.com/Yoshida_qk
19,983702503538610176,ã´ã‚ã¾ã‚‹ã€ç©åˆ†ã‚µãƒ¼ã‚¯ãƒ«ã€‘,https://twitter.com/piro_integral
9,1343705630,ãƒ¡ãƒ«ã‚«ãƒª,https://twitter.com/mercari_jp
10,738529042186440708,ã™ã¨ã·ã‚Šã€å…¬å¼ã€‘,https://twitter.com/StPri_info
8,108223197,ã¨ãªã‚Šã®å‚ç”°ã€‚@æµ¦å³¶å‚ç”°èˆ¹,https://twitter.com/sakatandao
14,114446939,æœ‰å‰å¼˜è¡Œ,https://twitter.com/ariyoshihiroiki
10,3129056526,TWICE,https://twitter.com/JYPETWICE
6,855219621451898880,ã°ãã†ï¼ é¨å£«A,https://twitter.com/Vau1113
10,1221660522971463680,ã‚¤ãƒ–ãƒ©ãƒ’ãƒ ğŸ’§,https://twitter.com/honmono_ibrahim
7,2420554465,å¤§ä¹±é—˜ã‚¹ãƒãƒƒã‚·ãƒ¥ãƒ–ãƒ©ã‚¶ãƒ¼ã‚ºã€ã‚¹ãƒãƒ–ãƒ©å…¬å¼ã€‘,https://twitter.com/SmashBrosJP
9,1107935587271467008,ãƒªã‚¼ãƒ»ãƒ˜ãƒ«ã‚¨ã‚¹ã‚¿ğŸ‘‘,https://twitter.com/Lize_Helesta
6,3061656026,ã³ãƒ¼ã‚„ã¾@ç§æ–‡ã®ç‹,https://twitter.com/asalabo_jp
7,212244090,ã—ã‚‡ã¼ã™ã‘ / ShoboSuke,https://twitter.com/ShoboLinco
9,2346809580,æŒ‡åŸ è‰ä¹ƒ,https://twitter.com/345__chan
17,1964452098,ã—ã°ã‚†ãƒ¼ã€æ±æµ·ã‚ªãƒ³ã‚¨ã‚¢ã€‘,https://twitter.com/TOKAI_ONAIR
6,122339708,â˜†ã‚¤ãƒ‹â˜†(ã˜ã‚“),https://twitter.com/JINJIN1027
8,2934830738,ã“ã‚ã‚“ï¼ ã™ã¨ã·ã‚Š,https://twitter.com/Colon56N
8,412940784,é¦–ç›¸å®˜é‚¸,https://twitter.com/kantei
7,385284823,é§’ç”°èˆª,https://twitter.com/komaDwataru
20,268758461,ã¾ãµã¾ãµï¼ ç´…ç™½æ­Œåˆæˆ¦,https://twitter.com/uni_mafumafu
16,883049179576098817,ãƒ¨ãƒ“ãƒãƒªãŸãã¿ğŸ˜¬,https://twitter.com/Yobinori
8,2560598845,å‘³ã®ç´ ãƒ‘ãƒ¼ã‚¯,https://twitter.com/AJINOMOTOPARK
6,264647686,å¤§çŸ³æ˜Œè‰¯ã€ã‚ªãƒ¼ã‚¤ã‚·ãƒã‚µãƒ¨ã‚·ã€‘,https://twitter.com/Masayoshi_Oishi
152,874501931758047232,ãµã£ãã‚‰ãƒãƒªã‚¨ã‚¹ãƒ†ãƒ«ï¼ˆQuizKnockã‚¯ã‚¤ã‚ºãƒãƒƒã‚¯ï¼‰,https://twitter.com/fukura_p
8,993283496,ã‚¢ãƒ‹ãƒ¡ã€Œé€²æ’ƒã®å·¨äººã€å…¬å¼ã‚¢ã‚«ã‚¦ãƒ³ãƒˆ,https://twitter.com/anime_shingeki
6,1148570645908770816,é­”æ³•ä½¿ã„ã®ç´„æŸã€å…¬å¼ã€‘,https://twitter.com/mahoyaku_info
7,1085089696022069248,ä¸Šç™½çŸ³ èŒæ­Œ,https://twitter.com/moka_____k
20,695317713233661952,ã¯ãªãŠ @ğŸ…ãŠã‹ãˆã‚ŠãƒˆãƒãŠãã‚“ğŸ…,https://twitter.com/hanao_sakebu
6,1017321652923711488,Pepsiï¼ˆãƒšãƒ—ã‚·ï¼‰,https://twitter.com/pepsi_jpn
6,1101474074474106880,é‰„ä¸€,https://twitter.com/mada_tetsukazu
11,1396654655543726086,å¾Œè—¤ å¼˜,https://twitter.com/kou_goto_
8,725927311854313473,â—¯â—¯ã®ä¸»å½¹ã¯æˆ‘ã€…ã ï¼,https://twitter.com/oowareware1945
7,1379438008374415363,kifutown,https://twitter.com/kifutown
6,935040092481060864,ã‚³ã‚¸ãƒï¼ˆQuizKnockï¼‰,https://twitter.com/KojimaQK
19,129471863,ã‚­ãƒ¨,https://twitter.com/kiyo_saiore
8,745131593392488449,PokÃ©mon GO Japan,https://twitter.com/PokemonGOAppJP
6,1463366736,ã—ã‚‰ã‚¹ã‚¿ | ãŠã—ã‚‰,https://twitter.com/ryo_shiraishi
6,7080152,Twitter Japan,https://twitter.com/TwitterJP
9,981862230151974913,ã‚­ãƒ¥ãƒ«Z,https://twitter.com/kyuryuZ
12,188233441,ã‚±ãƒ³ã‚¿ãƒƒã‚­ãƒ¼ãƒ•ãƒ©ã‚¤ãƒ‰ãƒã‚­ãƒ³ğŸ—,https://twitter.com/KFC_jp
9,731668649119977473,ã‚‹ã…ã¨Â²@ã™ã¨ã·ã‚Š,https://twitter.com/root_nico_2
8,2684135898,ç¥æœ¨éš†ä¹‹ä»‹,https://twitter.com/kamiki_official
6,958264156683091969,ãƒ•ã‚©ãƒ¼ãƒˆãƒŠã‚¤ãƒˆ,https://twitter.com/FortniteJP
9,169480493,æ—¥æœ¬çµŒæ¸ˆæ–°è é›»å­ç‰ˆï¼ˆæ—¥çµŒé›»å­ç‰ˆï¼‰,https://twitter.com/nikkei
10,3246185000,å¸¸ç”°å¤§å¸Œ - Daiki Tsuneta,https://twitter.com/DaikiTsuneta
8,69282959,ãƒ¢ã‚¹ãƒãƒ¼ã‚¬ãƒ¼,https://twitter.com/mos_burger
7,729595789526245376,ã€å…¬å¼ã€‘ã‚«ã‚´ãƒ¡,https://twitter.com/KAGOME_JP
8,1014973243164319744,ã¡ã„ã‹ã‚â°å ã„æœ5æ™‚58åˆ†,https://twitter.com/ngnchiikawa
13,371610505,å±±ä¸‹å¤§è¼ Daiki Yamashita,https://twitter.com/DaiKing_boy
6,2438169474,ã€å…¬å¼ã€‘åŸã¨ãƒ‰ãƒ©ã‚´ãƒ³ (åŸãƒ‰ãƒ©),https://twitter.com/shirotodoragon
40,795985304876249088,æ¾ä¸¸ äº®å¾ ğŸ¥,https://twitter.com/ryogomatsumaru
7,1268508619726655488,ã‹ãªãˆã®ã•ã¶ã‚ã‹,https://twitter.com/kanae_iroiro
15,1012211447160455170,ç¬¹æœ¨å’²ğŸ‹,https://twitter.com/saku_sasaki
6,1409441150448979971,æ£®ç”°æ™ƒå¹³(QuizKnock),https://twitter.com/kmorita_qk
12,1059457329710526465,å‘ªè¡“å»»æˆ¦ã€å…¬å¼ã€‘,https://twitter.com/jujutsu_PR
8,987228577522376704,ã€å…¬å¼ã€‘ãƒã‚±ãƒ¢ãƒ³æƒ…å ±å±€,https://twitter.com/poke_times
8,282021927,æ£®æ°¸è£½è“,https://twitter.com/morinaga_angel
10,994648976669360130,ä¸­é‡ã‚ã‚‹ã¾ğŸ§¸ğŸ«Alma Nakano,https://twitter.com/nakanoalma6
8,1030780357665124352,ããã–ã“â˜†ã‚Šã„ã¬ãã‚…ã‚“,https://twitter.com/rinu_dayo
10,132355708,ã‚»ãƒ–ãƒ³â€ã‚¤ãƒ¬ãƒ–ãƒ³ãƒ»ã‚¸ãƒ£ãƒ‘ãƒ³,https://twitter.com/711SEJ
10,3092477581,èŠ±æ¾¤é¦™èœ,https://twitter.com/hanazawa_staff
13,1386219059612553216,å²¡æœ¬æ²™ç´€,https://twitter.com/oka_moto_sa_ki
9,3270559442,è…ç”°å°†æš‰,https://twitter.com/sudaofficial
6,1338367106715246592,æ‘ç€¬æ­©,https://twitter.com/murase_pipipi
9,488103057,pad_sexyã€€ãƒ‘ã‚ºãƒ«ï¼†ãƒ‰ãƒ©ã‚´ãƒ³ã‚ºå…¬å¼,https://twitter.com/pad_sexy
8,899911760764739584,ãƒ’ãƒ—ãƒã‚·ã‚¹ãƒã‚¤ã‚¯-D.R.B-å…¬å¼(ãƒ’ãƒ—ãƒã‚¤),https://twitter.com/hypnosismic
6,1468816029032017920,QuizKnock STADIUMå…¬å¼,https://twitter.com/QK_STADIUM
16,184004752,ãƒã‚¯ãƒ‰ãƒŠãƒ«ãƒ‰,https://twitter.com/McDonaldsJapan
10,133684052,SUNTORYï¼ˆã‚µãƒ³ãƒˆãƒªãƒ¼ï¼‰,https://twitter.com/suntory
6,994479344918511616,BuzzFeedâ˜ƒï¸Kawaii,https://twitter.com/BuzzFeedKawaii
20,115639376,ãƒ­ãƒ¼ã‚½ãƒ³,https://twitter.com/akiko_lawson
16,2656582075,å°‘å¹´ã‚¸ãƒ£ãƒ³ãƒ—ç·¨é›†éƒ¨,https://twitter.com/jump_henshubu
14,921065011367223296,âˆ« ã¯ã—ã‘ã‚“ @G,https://twitter.com/hskn_integral
7,168816611,Fashion Press,https://twitter.com/fashionpressnet
18,99853725,Eve,https://twitter.com/oO0Eve0Oo
6,1048122071551639552,ãšã£ã¨çœŸå¤œä¸­ã§ã„ã„ã®ã«ï½¡(ï½½ï¾€ï½¯ï¾Œ),https://twitter.com/zutomayo_staff
7,1027050557465223169,èˆå…ƒå•“ä»‹ğŸ‘¨â€ğŸŒ¾ã«ã˜ã•ã‚“ã˜,https://twitter.com/maimoto_k
6,4749497552,å®‡ä½è¦‹å¤©å½—(ã™ã°ã‚‹)ğŸ¼PASSLABO,https://twitter.com/todai_igakubu
9,1107557844855844864,æˆŒäº¥ã¨ã“ğŸ¹,https://twitter.com/inui_toko
7,1878450026,BTS JAPAN OFFICIAL,https://twitter.com/BTS_jp_official
7,1237956908167774208,ã¯ãŸã•ã¶,https://twitter.com/hatasako_sub
98,1121007086635106304,æ—è¼å¹¸,https://twitter.com/jusco_hayashi
10,3861642193,è‰çŠ¬ãã‚“ï¼ ã™ã¨ã·ã‚Š,https://twitter.com/rinu_nico
12,911047687679516672,NITORI,https://twitter.com/NitoriOfficial
16,1144142348873392129,é»› ç°(ã¾ã‚†ãšã¿ ã‹ã„)@ã«ã˜ã•ã‚“ã˜,https://twitter.com/mayuzumi_X
7,107937085,ã‚µãƒ³ãƒˆã‚¹ğŸ±â°,https://twitter.com/syuzoon
73,,,https://twitter.com/
11,1070960596357509121,åŸç¥ï¼ˆGenshinï¼‰å…¬å¼,https://twitter.com/Genshin_7
7,1414413931955638277,ã‚¢ã‚¯ã‚·ã‚¢ãƒ»ã‚¯ãƒ­ãƒ¼ãƒğŸˆâ€â¬›,https://twitter.com/AXIA_96NE
7,250924296,ã‹ã¾ã„ãŸã¡æ¿±å®¶,https://twitter.com/hamaitachi
6,1448627067856179203,Kep1er,https://twitter.com/official_kep1er
22,885935041842249728,ã‚„ã¾ã‚‚ã‚Š / QuizKnock,https://twitter.com/ayac__
7,2697192608,åºƒç€¬ã™ãš,https://twitter.com/Suzu_Mg
8,64717324,ã€å…¬å¼ã€‘ãƒ´ã‚£ãƒ¬ãƒƒã‚¸ãƒ´ã‚¡ãƒ³ã‚¬ãƒ¼ãƒ‰,https://twitter.com/vv__official
6,1145981354074464257,ã‚†ãã‚€ã‚‰ã€‚@é¨å£«A,https://twitter.com/Xykmr
6,710658568416985088,ABEMAã‚¢ãƒ‹ãƒ¡(ã‚¢ãƒ™ã‚¢ãƒ‹),https://twitter.com/Anime_ABEMA
6,560213512,ã—ã‚†ã‚“@é¨å£«A,https://twitter.com/shiyun928
12,53949113,ãã‚‰ã‚‹,https://twitter.com/soraruru
24,307902310,ä»»å¤©å ‚æ ªå¼ä¼šç¤¾,https://twitter.com/Nintendo
6,1097863915,ã€Œã‚«ãƒ«ãƒ”ã‚¹â€œæ°´ç‰é€šä¿¡â€ã€,https://twitter.com/calpis_mizutama
16,2380691000,æ¢¶è£•è²´ Yuki Kaji,https://twitter.com/KAJI__OFFICIAL
6,3335453780,ï¾˜ï¾›æ°/LiloSHI,https://twitter.com/ly_rone
9,763677450131746817,å¹³æˆã‚’å¿˜ã‚Œãªã„bot,https://twitter.com/HEISEI_love_bot
7,1549889018,ã‚°ãƒ©ãƒ³ãƒ–ãƒ«ãƒ¼ãƒ•ã‚¡ãƒ³ã‚¿ã‚¸ãƒ¼,https://twitter.com/granbluefantasy
7,996136511379681280,ãƒ—ãƒ†ãƒ©ãƒãƒ‰ãƒ³ã®æ—¥å¸¸,https://twitter.com/ptelife
7,993257886,syudou,https://twitter.com/tikandame
13,2555247516,ãƒã‚µã‚¤ã€Fischer'sã€‘,https://twitter.com/MASAI_Fischers
9,1930287096,ãƒ¢ãƒ³ã‚¹ã‚¿ãƒ¼ã‚¹ãƒˆãƒ©ã‚¤ã‚¯å…¬å¼(ãƒ¢ãƒ³ã‚¹ãƒˆ),https://twitter.com/monst_mixi
6,4030203792,ã‚¤ã‚ªãƒ³,https://twitter.com/AEON_JAPAN
9,110879535,ã‚¬ãƒƒãƒãƒãƒ³ ï¼ˆç·åˆï¼‰,https://twitter.com/Gatchman666
8,2371235972,ã‚³ã‚¤ã‚±ãƒ¤ã€å…¬å¼ã€‘,https://twitter.com/koikeya_cp
19,1401587503,æ¾æœ¬äººå¿—,https://twitter.com/matsu_bouzu
20,186391545,ç”°æ‘æ­£è³‡,https://twitter.com/kaiseitamura
6,1415542022887280641,å¤§å­¦ç”Ÿã®ãã—ã‚‡ã„ã‚¹ãƒˆãƒ¼ãƒªãƒ¼,https://twitter.com/kisyo_story
15,118428640,ä¸­æ‘æ‚ ä¸€,https://twitter.com/nakamuraFF11
15,1193542753528926210,é«˜æ¾æ…¶,https://twitter.com/Kei_QuizKnock
7,66100180,ã‚±ãƒ¼ã‚¹ãƒ¯ãƒ™ã€K-SUWABEã€‘,https://twitter.com/KSUWABE
9,3112928295,ãƒˆãƒŸãƒ¼(æ°´æºœã‚Šãƒœãƒ³ãƒ‰),https://twitter.com/miztamari_nikki
9,767632914292936704,ã§ã‚“ãŒã‚“ã‚µãƒ–å¢ã€œã¾ã‚ã¾ã‚ãªåµãƒ•ã‚¡ãƒ³ã€œ,https://twitter.com/dengan_sub
6,135017078,é©šå®‰ã®æ®¿å ‚ ãƒ‰ãƒ³ãƒ»ã‚­ãƒ›ãƒ¼ãƒ†,https://twitter.com/donki_donki
13,978442914693959680,æµœè¾ºç¾æ³¢,https://twitter.com/MINAMI373HAMABE
6,1168296497168838657,ã¿ã•ã¿ã•,https://twitter.com/misamisa_1029_
6,119710810,ãƒ‰ãƒŸãƒãƒ»ãƒ”ã‚¶,https://twitter.com/dominos_JP
8,1376400515441946624,ã‚²ã‚¹ãƒšãƒ³@ãŸã‘ã‰ã®ã‚µãƒ–å¢,https://twitter.com/gesupen_sub
6,362401254,é«˜é ˆå…‹å¼¥,https://twitter.com/katsuyatakasu
6,774049483,Officialé«­ç”·dism,https://twitter.com/officialhige
7,999942020238995456,èŠ±ç•‘ãƒãƒ£ã‚¤ã‚«ğŸŒµwe are ã«ã˜ã•ã‚“ã˜!!,https://twitter.com/ZulmIhP1nlMOT5y
6,717868248,è±Šæ°¸åˆ©è¡Œ,https://twitter.com/TossuiKUN
43,2927187427,ã¯ãªãŠ,https://twitter.com/hanao87_0
9,1007159969127387136,ãŠã‚‰ãµãã‚“ â˜ƒï¸,https://twitter.com/yukiorajp
6,1634901307,ã‚­ãƒªãƒ³ãƒ“ãƒãƒ¬ãƒƒã‚¸â™ª,https://twitter.com/Kirin_Company
131,780770015121281024,æ²³æ‘ãƒ»æ‹“å“‰,https://twitter.com/kawamura_domo
16,848450138,ã©ã†ã¶ã¤ã®æ£®,https://twitter.com/doubutsuno_mori
7,3323612191,ã‚‚ã†ä¸­å­¦ç”Ÿ,https://twitter.com/mouchumaruta
8,2570075208,ã‚ãƒ¼ã‚„ãã‚“ã®ã‚µãƒ–å¢,https://twitter.com/meiya_keys
18,2173047390,ã¦ã¤ã‚„ã€æ±æµ·ã‚ªãƒ³ã‚¨ã‚¢ã€‘12/18åˆã‚¨ãƒƒã‚»ã‚¤ã€Œå¤©æ‰ã®æ ¹æºã€æ¥µé™ver.ç™ºè¡¨ğŸ“–,https://twitter.com/TO_TETSUYA
15,985783965922377729,ã‚ãŒğŸ§,https://twitter.com/waga_integral
7,1463837886,ã‚ã–ã¾ã—ãƒ†ãƒ¬ãƒ“,https://twitter.com/cx_mezamashi
8,1184381092041646080,ã‚°ã‚¦ã‚§ãƒ«ğŸ˜ã«ã˜ã•ã‚“ã˜,https://twitter.com/Gwelu_os_gar
10,418573546,ã‚ã„ã¡ã‚ƒã‚“ï¼ˆæœ€å¼·ï¼‰,https://twitter.com/meynico
6,1009751809966010368,ç«œèƒ† å°Š,https://twitter.com/RindouMikoto
18,2888006497,Splatoonï¼ˆã‚¹ãƒ—ãƒ©ãƒˆã‚¥ãƒ¼ãƒ³ï¼‰,https://twitter.com/SplatoonJP
31,137857547,å‰æ¾¤å‹ä½œâ”ƒåœ°çƒã«æˆ»ã‚Šã¾ã—ãŸ,https://twitter.com/yousuck2020
7,1127510802901024768,ã‚‹ã…ã¨@æ—¥å¸¸,https://twitter.com/root_dayo
6,335141638,ë°©íƒ„ì†Œë…„ë‹¨,https://twitter.com/BTS_twt
13,468122115,å®‰å€æ™‹ä¸‰,https://twitter.com/AbeShinzo
6,2724049374,ã´ãã¨,https://twitter.com/p1kt3
24,58794150,ç±³æ´¥ç„å¸«ã€€ãƒãƒ,https://twitter.com/hachi_08
7,1167659764047761409,ã‚ã‚“ã•ã‚“ã¶ã‚‹ã‚¹ã‚¿ãƒ¼ã‚ºï¼ï¼Basicã€å…¬å¼ã€‘,https://twitter.com/enstars_basic
21,1103229230567968768,ç´€é‡ ç´—è‰¯,https://twitter.com/sakuramochisara
7,1425412250,å…ˆç«¯ææ€–ç—‡ğŸ“ŒğŸ˜±UUUMæ‰€å±,https://twitter.com/SentanKyofusho
6,1244254367806410753,å¼¦æœˆ è—¤å£«éƒğŸ»ğŸ›µã«ã˜ã•ã‚“ã˜,https://twitter.com/1O46V
9,119744178,ãƒ€ãƒ«ãƒ“ãƒƒã‚·ãƒ¥æœ‰(Yu Darvish),https://twitter.com/faridyu
7,1010815411,å½±ã€‚/ã‹ã’ã¾ã‚‹,https://twitter.com/kagemaru0205
9,1393173063248711681,King & Prince,https://twitter.com/kingandprince_j
13,921064594277253120,âˆ«ã‚†ã†ã‚†ã†dx(nâˆˆâ„™),https://twitter.com/yewyew_sekibun
13,1167010648410091520,ARASHI,https://twitter.com/arashi5official
46,1420643716138631171,QuizKnockã¨å­¦ã¼ã†ã€å…¬å¼ã€‘,https://twitter.com/QuizKnock_manab
6,1481025810,ANAæ—…ã®ã¤ã¶ã‚„ãã€å…¬å¼ã€‘,https://twitter.com/ANA_travel_info
